Year,Date,Hour,CensusTract_2010,NumberOfReports,CensusTract_2010_ID,CensusTract_2010_NAME,CountyName_2010,GEOID_list,CensusBlockID_list
2019,01/21/2019,09 PM,92.0,1,9200,Census Tract 92,New York County,[360610092001003],[1003]
2019,03/07/2019,08 AM,143.0,1,14300,Census Tract 143,New York County,[360610143001040],[1040]
2019,03/21/2019,07 PM,92.0,1,9200,Census Tract 92,New York County,[360610092001005],[1005]
2019,04/04/2019,02 PM,195.0,1,19500,Census Tract 195,New York County,[360610195001005],[1005]
2019,04/27/2019,10 AM,143.0,1,14300,Census Tract 143,New York County,[360610143001024],[1024]
2019,05/11/2019,12 AM,21.0,1,2100,Census Tract 21,New York County,[360610021001011],[1011]
2019,06/04/2019,08 AM,94.0,1,9400,Census Tract 94,New York County,[360610094001008],[1008]
2019,06/05/2019,12 PM,170.0,1,17000,Census Tract 170,New York County,[360610170001000],[1000]
2019,06/22/2019,08 PM,9.0,1,900,Census Tract 9,New York County,[360610009001000],[1000]
2019,07/09/2019,03 PM,48.0,1,4800,Census Tract 48,New York County,[360610048005000],[5000]
2019,07/19/2019,10 AM,89.0,1,8900,Census Tract 89,New York County,[360610089002001],[2001]
2019,07/24/2019,09 AM,237.0,1,23700,Census Tract 237,New York County,[360610237003000],[3000]
2019,08/08/2019,11 AM,146.01,1,14601,Census Tract 146.01,New York County,[360610146011000],[1000]
2019,08/16/2019,05 PM,173.0,1,17300,Census Tract 173,New York County,[360610173003000],[3000]
2019,08/26/2019,10 AM,92.0,1,9200,Census Tract 92,New York County,[360610092001012],[1012]
2019,09/05/2019,07 PM,9.0,1,900,Census Tract 9,New York County,[360610009001000],[1000]
2019,09/09/2019,08 PM,112.02,1,11202,Census Tract 112.02,New York County,[360610112021001],[1001]
2019,09/11/2019,06 PM,119.0,1,11900,Census Tract 119,New York County,[360610119001004],[1004]
2019,09/13/2019,05 PM,81.0,1,8100,Census Tract 81,New York County,[360610081002001],[2001]
2019,09/19/2019,03 PM,32.0,1,3200,Census Tract 32,New York County,[360610032004000],[4000]
2019,09/30/2019,06 PM,110.0,1,11000,Census Tract 110,New York County,[360610110003002],[3002]
2019,10/14/2019,07 PM,120.0,1,12000,Census Tract 120,New York County,[360610120003000],[3000]
2019,10/20/2019,03 PM,112.03,1,11203,Census Tract 112.03,New York County,[360610112032002],[2002]
2019,10/21/2019,11 AM,149.0,1,14900,Census Tract 149,New York County,[360610149002000],[2000]
2019,10/24/2019,10 AM,120.0,1,12000,Census Tract 120,New York County,[360610120004001],[4001]
2019,10/25/2019,08 PM,112.02,1,11202,Census Tract 112.02,New York County,[360610112021002],[1002]
2019,10/30/2019,10 AM,217.03,1,21703,Census Tract 217.03,New York County,[360610217031004],[1004]
2019,11/02/2019,10 AM,15.01,1,1501,Census Tract 15.01,New York County,[360610015012003],[2003]
2019,11/07/2019,12 PM,63.0,1,6300,Census Tract 63,New York County,[360610063001000],[1000]
2019,11/08/2019,02 PM,109.0,1,10900,Census Tract 109,New York County,[360610109001007],[1007]
2019,11/09/2019,09 AM,16.0,1,1600,Census Tract 16,New York County,[360610016005006],[5006]
2019,11/12/2019,08 PM,72.0,1,7200,Census Tract 72,New York County,[360610072002000],[2000]
2019,11/17/2019,12 AM,201.0,1,20100,Census Tract 201,Bronx County,[360050201003000],[3000]
2019,11/19/2019,09 AM,164.0,1,16400,Census Tract 164,New York County,[360610164003005],[3005]
2019,11/25/2019,10 PM,122.0,1,12200,Census Tract 122,New York County,[360610122004000],[4000]
2019,11/26/2019,10 AM,71.0,1,7100,Census Tract 71,New York County,[360610071004004],[4004]
2019,11/30/2019,04 PM,109.0,1,10900,Census Tract 109,New York County,[360610109001007],[1007]
2019,12/01/2019,12 PM,184.0,1,18400,Census Tract 184,New York County,[360610184002001],[2001]
2019,12/03/2019,08 AM,163.0,1,16300,Census Tract 163,New York County,[360610163002000],[2000]
2019,12/04/2019,08 AM,118.0,1,11800,Census Tract 118,New York County,[360610118007000],[7000]
2019,12/05/2019,10 PM,233.0,1,23300,Census Tract 233,New York County,[360610233002000],[2000]
2019,12/06/2019,10 AM,143.0,1,14300,Census Tract 143,New York County,[360610143001033],[1033]
2019,12/06/2019,09 PM,139.0,1,13900,Census Tract 139,New York County,[360610139004000],[4000]
2019,12/07/2019,03 PM,153.0,1,15300,Census Tract 153,New York County,[360610153003001],[3001]
2018,06/27/2018,02 PM,1199.0,1,119900,Census Tract 1199,Queens County,[360811199001000],[1000]
2018,11/09/2018,08 AM,1039.0,1,103900,Census Tract 1039,Queens County,[360811039002009],[2009]
2019,01/04/2019,02 PM,1039.0,1,103900,Census Tract 1039,Queens County,[360811039002002],[2002]
2019,04/11/2019,08 PM,871.0,1,87100,Census Tract 871,Queens County,[360810871001001],[1001]
2019,05/22/2019,10 AM,31.0,1,3100,Census Tract 31,New York County,[360610031001022],[1022]
2019,05/30/2019,12 PM,809.0,1,80900,Census Tract 809,Queens County,[360810809003000],[3000]
2019,06/07/2019,10 AM,1621.0,1,162100,Census Tract 1621,Queens County,[360811621004001],[4001]
2019,06/26/2019,11 AM,1417.0,1,141700,Census Tract 1417,Queens County,[360811417001000],[1000]
2019,08/30/2019,08 AM,1139.0,1,113900,Census Tract 1139,Queens County,[360811139002011],[2011]
2019,08/30/2019,11 AM,997.01,1,99701,Census Tract 997.01,Queens County,[360810997012011],[2011]
2019,09/09/2019,01 PM,1429.0,1,142900,Census Tract 1429,Queens County,[360811429004000],[4000]
2019,09/17/2019,02 PM,1463.0,1,146300,Census Tract 1463,Queens County,[360811463001012],[1012]
2019,09/18/2019,11 AM,1175.0,1,117500,Census Tract 1175,Queens County,[360811175001005],[1005]
2019,09/20/2019,05 PM,1507.02,1,150702,Census Tract 1507.02,Queens County,[360811507021006],[1006]
2019,09/23/2019,12 PM,947.0,1,94700,Census Tract 947,Queens County,[360810947002004],[2004]
2019,09/24/2019,09 PM,111.0,1,11100,Census Tract 111,Queens County,[360810111001001],[1001]
2019,09/25/2019,06 PM,1459.0,1,145900,Census Tract 1459,Queens County,[360811459001002],[1002]
2019,10/02/2019,01 PM,907.0,1,90700,Census Tract 907,Queens County,[360810907001029],[1029]
2019,10/14/2019,10 AM,1409.01,1,140901,Census Tract 1409.01,Queens County,[360811409011008],[1008]
2019,10/16/2019,10 AM,1551.02,1,155102,Census Tract 1551.02,Queens County,[360811551024004],[4004]
2019,10/26/2019,11 AM,799.0,1,79900,Census Tract 799,Queens County,[360810799001005],[1005]
2019,11/03/2019,03 PM,1467.0,1,146700,Census Tract 1467,Queens County,[360811467003006],[3006]
2019,11/06/2019,11 AM,1551.02,1,155102,Census Tract 1551.02,Queens County,[360811551025003],[5003]
2019,11/07/2019,08 AM,463.0,1,46300,Census Tract 463,Queens County,[360810463002003],[2003]
2019,11/07/2019,04 PM,1399.0,1,139900,Census Tract 1399,Queens County,[360811399002008],[2008]
2019,11/14/2019,07 PM,1347.0,1,134700,Census Tract 1347,Queens County,[360811347002001],[2001]
2019,11/15/2019,10 AM,1113.0,1,111300,Census Tract 1113,Queens County,[360811113003008],[3008]
2019,11/16/2019,07 PM,1409.01,1,140901,Census Tract 1409.01,Queens County,[360811409011001],[1001]
2019,11/19/2019,05 PM,1291.02,1,129102,Census Tract 1291.02,Queens County,[360811291024007],[4007]
2019,11/20/2019,02 PM,1551.02,1,155102,Census Tract 1551.02,Queens County,[360811551023000],[3000]
2019,11/21/2019,10 AM,1277.0,1,127700,Census Tract 1277,Queens County,[360811277002008],[2008]
2019,11/23/2019,05 PM,803.02,1,80302,Census Tract 803.02,Queens County,[360810803023014],[3014]
2019,11/25/2019,12 PM,1205.0,1,120500,Census Tract 1205,Queens County,[360811205001004],[1004]
2019,11/26/2019,09 AM,1257.0,1,125700,Census Tract 1257,Queens County,[360811257003002],[3002]
2019,11/26/2019,01 PM,945.0,1,94500,Census Tract 945,Queens County,[360810945002002],[2002]
2019,11/27/2019,10 AM,1551.02,1,155102,Census Tract 1551.02,Queens County,[360811551025003],[5003]
2019,11/27/2019,01 PM,939.0,1,93900,Census Tract 939,Queens County,[360810939002007],[2007]
2019,12/03/2019,05 PM,859.0,1,85900,Census Tract 859,Queens County,[360810859002001],[2001]
2019,12/04/2019,12 AM,859.0,1,85900,Census Tract 859,Queens County,[360810859002001],[2001]
2019,12/04/2019,01 PM,1441.0,1,144100,Census Tract 1441,Queens County,[360811441004001],[4001]
2019,12/04/2019,03 PM,1551.02,1,155102,Census Tract 1551.02,Queens County,[360811551024004],[4004]
2019,12/05/2019,09 AM,1417.0,1,141700,Census Tract 1417,Queens County,[360811417002004],[2004]
2019,12/05/2019,11 AM,1291.02,1,129102,Census Tract 1291.02,Queens County,[360811291024004],[4004]
2019,12/05/2019,11 AM,1621.0,1,162100,Census Tract 1621,Queens County,[360811621004005],[4005]
2019,12/05/2019,09 PM,859.0,1,85900,Census Tract 859,Queens County,[360810859002001],[2001]
2019,12/06/2019,08 AM,1567.0,1,156700,Census Tract 1567,Queens County,[360811567001000],[1000]
2019,12/06/2019,09 AM,1059.0,1,105900,Census Tract 1059,Queens County,[360811059002005],[2005]
2019,12/06/2019,09 AM,1571.01,1,157101,Census Tract 1571.01,Queens County,[360811571017012],[7012]
2019,12/06/2019,11 AM,1215.0,1,121500,Census Tract 1215,Queens County,[360811215001000],[1000]
2019,12/07/2019,11 AM,414.0,1,41400,Census Tract 414,Queens County,[360810414003001],[3001]
2017,08/09/2017,03 PM,107.01,1,10701,Census Tract 107.01,Westchester County,[361190107012025],[2025]
2018,02/15/2018,02 PM,113.0,1,11300,Census Tract 113,Westchester County,[361190113003012],[3012]
2018,08/10/2018,09 AM,131.02,1,13102,Census Tract 131.02,Westchester County,[361190131023032],[3032]
2019,01/07/2019,02 PM,113.0,1,11300,Census Tract 113,Westchester County,[361190113003025],[3025]
2019,01/10/2019,11 AM,40.0,1,4000,Census Tract 40,Westchester County,[361190040001000],[1000]
2019,01/11/2019,10 PM,127.0,1,12700,Census Tract 127,Westchester County,[361190127002004],[2004]
2019,01/14/2019,03 PM,57.01,1,5701,Census Tract 57.01,Westchester County,[361190057012002],[2002]
2019,01/15/2019,02 PM,67.0,1,6700,Census Tract 67,Westchester County,[361190067004012],[4012]
2019,01/18/2019,08 AM,73.0,1,7300,Census Tract 73,Westchester County,[361190073002011],[2011]
2019,01/18/2019,01 PM,44.0,1,4400,Census Tract 44,Westchester County,[361190044003013],[3013]
2019,02/04/2019,08 AM,97.01,1,9701,Census Tract 97.01,Westchester County,[361190097012004],[2004]
2019,02/06/2019,10 AM,37.0,1,3700,Census Tract 37,Westchester County,[361190037003009],[3009]
2019,02/06/2019,12 PM,22.02,1,2202,Census Tract 22.02,Westchester County,[361190022023003],[3003]
2019,02/11/2019,10 AM,87.0,1,8700,Census Tract 87,Westchester County,[361190087001013],[1013]
2019,02/11/2019,02 PM,83.01,1,8301,Census Tract 83.01,Westchester County,[361190083012030],[2030]
2019,02/16/2019,02 PM,24.03,1,2403,Census Tract 24.03,Westchester County,[361190024032002],[2002]
2019,02/21/2019,02 PM,133.04,1,13304,Census Tract 133.04,Westchester County,[361190133042008],[2008]
2019,03/12/2019,10 AM,9.0,1,900,Census Tract 9,Westchester County,[361190009001002],[1002]
2019,03/18/2019,12 PM,74.02,1,7402,Census Tract 74.02,Westchester County,[361190074022012],[2012]
2019,03/22/2019,05 PM,24.03,1,2403,Census Tract 24.03,Westchester County,[361190024031002],[1002]
2019,03/29/2019,04 PM,17.0,1,1700,Census Tract 17,Westchester County,[361190017002026],[2026]
2019,04/07/2019,12 PM,67.0,1,6700,Census Tract 67,Westchester County,[361190067004014],[4014]
2019,04/11/2019,02 PM,68.01,1,6801,Census Tract 68.01,Westchester County,[361190068013015],[3015]
2019,05/08/2019,11 AM,80.0,1,8000,Census Tract 80,Westchester County,[361190080003008],[3008]
2019,05/23/2019,11 AM,17.0,1,1700,Census Tract 17,Westchester County,[361190017001003],[1003]
2019,05/24/2019,10 AM,81.0,1,8100,Census Tract 81,Westchester County,[361190081004003],[4003]
2019,05/25/2019,07 AM,41.0,1,4100,Census Tract 41,Westchester County,[361190041003023],[3023]
2019,05/26/2019,05 PM,69.0,1,6900,Census Tract 69,Westchester County,[361190069002014],[2014]
2019,06/03/2019,01 PM,74.01,1,7401,Census Tract 74.01,Westchester County,[361190074013008],[3008]
2019,06/14/2019,11 AM,114.0,1,11400,Census Tract 114,Westchester County,[361190114001047],[1047]
2019,06/15/2019,11 AM,81.0,1,8100,Census Tract 81,Westchester County,[361190081004007],[4007]
2019,06/15/2019,04 PM,132.01,1,13201,Census Tract 132.01,Westchester County,[361190132012021],[2021]
2019,06/19/2019,09 PM,13.02,1,1302,Census Tract 13.02,Westchester County,[361190013023000],[3000]
2019,06/21/2019,06 PM,137.0,1,13700,Census Tract 137,Westchester County,[361190137003004],[3004]
2019,06/27/2019,03 PM,74.01,1,7401,Census Tract 74.01,Westchester County,[361190074013004],[3004]
2019,07/02/2019,09 AM,50.02,1,5002,Census Tract 50.02,Westchester County,[361190050023013],[3013]
2019,07/09/2019,10 AM,69.0,1,6900,Census Tract 69,Westchester County,[361190069003015],[3015]
2019,07/16/2019,12 PM,131.02,1,13102,Census Tract 131.02,Westchester County,[361190131022007],[2007]
2019,07/16/2019,03 PM,113.0,1,11300,Census Tract 113,Westchester County,[361190113002005],[2005]
2019,07/17/2019,11 AM,121.01,1,12101,Census Tract 121.01,Westchester County,[361190121012002],[2002]
2019,07/18/2019,10 PM,104.0,1,10400,Census Tract 104,Westchester County,[361190104003010],[3010]
2019,07/23/2019,04 PM,83.02,1,8302,Census Tract 83.02,Westchester County,[361190083021003],[1003]
2019,07/28/2019,02 PM,106.0,1,10600,Census Tract 106,Westchester County,[361190106003042],[3042]
2019,08/03/2019,12 PM,113.0,1,11300,Census Tract 113,Westchester County,[361190113002005],[2005]
2019,08/08/2019,12 PM,97.02,1,9702,Census Tract 97.02,Westchester County,[361190097022026],[2026]
2019,08/09/2019,12 PM,90.0,1,9000,Census Tract 90,Westchester County,[361190090002000],[2000]
2019,08/14/2019,01 PM,131.04,1,13104,Census Tract 131.04,Westchester County,[361190131043021],[3021]
2019,08/15/2019,11 AM,148.08,1,14808,Census Tract 148.08,Westchester County,[361190148082043],[2043]
2019,08/15/2019,11 AM,41.0,1,4100,Census Tract 41,Westchester County,[361190041003006],[3006]
2019,08/15/2019,12 PM,68.02,1,6802,Census Tract 68.02,Westchester County,[361190068021001],[1001]
2019,08/23/2019,06 AM,4.02,1,402,Census Tract 4.02,Westchester County,[361190004022006],[2006]
2019,08/25/2019,01 PM,74.01,1,7401,Census Tract 74.01,Westchester County,[361190074013009],[3009]
2019,08/26/2019,10 AM,95.0,1,9500,Census Tract 95,Westchester County,[361190095002000],[2000]
2019,08/26/2019,12 PM,22.01,1,2201,Census Tract 22.01,Westchester County,[361190022011032],[1032]
2019,09/05/2019,10 AM,67.0,1,6700,Census Tract 67,Westchester County,[361190067003003],[3003]
2019,09/08/2019,05 PM,113.0,1,11300,Census Tract 113,Westchester County,[361190113004015],[4015]
2019,09/10/2019,10 AM,113.0,1,11300,Census Tract 113,Westchester County,[361190113004015],[4015]
2019,09/11/2019,08 AM,91.0,1,9100,Census Tract 91,Westchester County,[361190091002003],[2003]
2019,09/11/2019,10 AM,72.0,1,7200,Census Tract 72,Westchester County,[361190072005009],[5009]
2019,09/19/2019,10 AM,76.0,1,7600,Census Tract 76,Westchester County,[361190076003007],[3007]
2019,09/20/2019,10 AM,47.0,1,4700,Census Tract 47,Westchester County,[361190047002030],[2030]
2019,09/20/2019,01 PM,103.0,1,10300,Census Tract 103,Westchester County,[361190103002005],[2005]
2019,09/25/2019,02 PM,132.01,1,13201,Census Tract 132.01,Westchester County,[361190132012016],[2016]
2019,09/27/2019,11 AM,131.04,1,13104,Census Tract 131.04,Westchester County,[361190131044015],[4015]
2019,09/27/2019,02 PM,114.0,1,11400,Census Tract 114,Westchester County,[361190114002002],[2002]
2019,09/29/2019,09 AM,13.03,1,1303,Census Tract 13.03,Westchester County,[361190013034002],[4002]
2019,10/02/2019,01 PM,67.0,1,6700,Census Tract 67,Westchester County,[361190067003043],[3043]
2019,10/04/2019,11 AM,83.02,1,8302,Census Tract 83.02,Westchester County,[361190083024030],[4030]
2019,10/05/2019,01 PM,109.02,1,10902,Census Tract 109.02,Westchester County,[361190109024025],[4025]
2019,10/10/2019,03 PM,50.02,1,5002,Census Tract 50.02,Westchester County,[361190050023013],[3013]
2019,10/13/2019,06 PM,131.04,1,13104,Census Tract 131.04,Westchester County,[361190131043021],[3021]
2019,10/15/2019,06 PM,13.02,1,1302,Census Tract 13.02,Westchester County,[361190013023000],[3000]
2019,10/16/2019,10 AM,22.04,1,2204,Census Tract 22.04,Westchester County,[361190022043010],[3010]
2019,10/18/2019,01 PM,97.02,1,9702,Census Tract 97.02,Westchester County,[361190097021003],[1003]
2019,10/24/2019,02 PM,83.02,1,8302,Census Tract 83.02,Westchester County,[361190083023028],[3028]
2019,10/25/2019,11 AM,83.02,1,8302,Census Tract 83.02,Westchester County,[361190083022001],[2001]
2019,10/25/2019,03 PM,68.02,1,6802,Census Tract 68.02,Westchester County,[361190068022001],[2001]
2019,10/26/2019,02 PM,54.0,1,5400,Census Tract 54,Westchester County,[361190054002025],[2025]
2019,10/27/2019,02 PM,39.0,1,3900,Census Tract 39,Westchester County,[361190039001010],[1010]
2019,10/28/2019,11 AM,100.0,1,10000,Census Tract 100,Westchester County,[361190100003008],[3008]
2019,10/30/2019,05 PM,83.02,1,8302,Census Tract 83.02,Westchester County,[361190083024003],[4003]
2019,11/01/2019,12 PM,67.0,1,6700,Census Tract 67,Westchester County,[361190067002003],[2003]
2019,11/02/2019,09 AM,46.0,1,4600,Census Tract 46,Westchester County,[361190046003000],[3000]
2019,11/02/2019,08 PM,100.0,1,10000,Census Tract 100,Westchester County,[361190100004035],[4035]
2019,11/05/2019,09 AM,66.0,1,6600,Census Tract 66,Westchester County,[361190066001004],[1004]
2019,11/05/2019,11 AM,80.0,1,8000,Census Tract 80,Westchester County,[361190080003009],[3009]
2019,11/05/2019,01 PM,111.01,1,11101,Census Tract 111.01,Westchester County,[361190111011009],[1009]
2019,11/06/2019,04 PM,100.0,1,10000,Census Tract 100,Westchester County,[361190100003011],[3011]
2019,11/06/2019,08 PM,68.01,1,6801,Census Tract 68.01,Westchester County,[361190068013042],[3042]
2019,11/08/2019,08 AM,148.11,1,14811,Census Tract 148.11,Westchester County,[361190148113012],[3012]
2019,11/09/2019,01 PM,45.0,1,4500,Census Tract 45,Westchester County,[361190045001001],[1001]
2019,11/10/2019,04 PM,70.0,1,7000,Census Tract 70,Westchester County,[361190070004002],[4002]
2019,11/11/2019,12 PM,21.05,1,2105,Census Tract 21.05,Westchester County,[361190021051006],[1006]
2019,11/11/2019,12 PM,44.0,1,4400,Census Tract 44,Westchester County,[361190044001004],[1004]
2019,11/13/2019,12 PM,68.02,1,6802,Census Tract 68.02,Westchester County,[361190068022015],[2015]
2019,11/14/2019,02 PM,69.0,1,6900,Census Tract 69,Westchester County,[361190069003036],[3036]
2019,11/14/2019,02 PM,68.02,1,6802,Census Tract 68.02,Westchester County,[361190068024010],[4010]
2019,11/14/2019,05 PM,114.0,1,11400,Census Tract 114,Westchester County,[361190114002013],[2013]
2019,11/15/2019,07 AM,21.01,1,2101,Census Tract 21.01,Westchester County,[361190021013007],[3007]
2019,11/15/2019,09 AM,119.02,1,11902,Census Tract 119.02,Westchester County,[361190119022001],[2001]
2019,11/15/2019,11 AM,123.01,1,12301,Census Tract 123.01,Westchester County,[361190123011026],[1026]
2019,11/15/2019,12 PM,21.01,1,2101,Census Tract 21.01,Westchester County,[361190021011005],[1005]
2019,11/18/2019,10 AM,44.0,1,4400,Census Tract 44,Westchester County,[361190044003013],[3013]
2019,11/19/2019,10 PM,68.02,1,6802,Census Tract 68.02,Westchester County,[361190068023024],[3024]
2019,11/20/2019,11 AM,45.0,1,4500,Census Tract 45,Westchester County,[361190045001001],[1001]
2019,11/20/2019,03 PM,89.01,1,8901,Census Tract 89.01,Westchester County,[361190089015005],[5005]
2019,11/20/2019,06 PM,6.0,1,600,Census Tract 6,Westchester County,[361190006004004],[4004]
2019,11/21/2019,09 AM,65.0,1,6500,Census Tract 65,Westchester County,[361190065003000],[3000]
2019,11/21/2019,10 AM,75.0,1,7500,Census Tract 75,Westchester County,[361190075002002],[2002]
2019,11/21/2019,10 AM,63.0,1,6300,Census Tract 63,Westchester County,[361190063001004],[1004]
2019,11/21/2019,12 PM,85.0,1,8500,Census Tract 85,Westchester County,[361190085001030],[1030]
2019,11/21/2019,11 PM,76.0,1,7600,Census Tract 76,Westchester County,[361190076006001],[6001]
2019,11/22/2019,10 AM,13.02,1,1302,Census Tract 13.02,Westchester County,[361190013023000],[3000]
2019,11/23/2019,10 AM,83.02,1,8302,Census Tract 83.02,Westchester County,[361190083024007],[4007]
2019,11/23/2019,05 PM,130.0,1,13000,Census Tract 130,Westchester County,[361190130004026],[4026]
2019,11/25/2019,03 PM,114.0,1,11400,Census Tract 114,Westchester County,[361190114004018],[4018]
2019,11/25/2019,03 PM,14.02,1,1402,Census Tract 14.02,Westchester County,[361190014022005],[2005]
2019,11/26/2019,07 AM,22.03,1,2203,Census Tract 22.03,Westchester County,[361190022032004],[2004]
2019,11/26/2019,10 AM,132.01,1,13201,Census Tract 132.01,Westchester County,[361190132012036],[2036]
2019,11/26/2019,10 AM,137.0,1,13700,Census Tract 137,Westchester County,[361190137001000],[1000]
2019,11/26/2019,12 PM,67.0,1,6700,Census Tract 67,Westchester County,[361190067003043],[3043]
2019,11/26/2019,03 PM,102.0,1,10200,Census Tract 102,Westchester County,[361190102001006],[1006]
2019,11/28/2019,11 AM,68.01,1,6801,Census Tract 68.01,Westchester County,[361190068012003],[2003]
2019,12/03/2019,08 AM,50.02,1,5002,Census Tract 50.02,Westchester County,[361190050022011],[2011]
2019,12/03/2019,05 PM,103.0,1,10300,Census Tract 103,Westchester County,[361190103001004],[1004]
2019,12/04/2019,09 AM,68.01,1,6801,Census Tract 68.01,Westchester County,[361190068013009],[3009]
2019,12/04/2019,10 AM,76.0,1,7600,Census Tract 76,Westchester County,[361190076002021],[2021]
2019,12/04/2019,10 AM,84.03,1,8403,Census Tract 84.03,Westchester County,[361190084031010],[1010]
2019,12/04/2019,11 AM,104.0,1,10400,Census Tract 104,Westchester County,[361190104003010],[3010]
2019,12/04/2019,10 PM,85.0,1,8500,Census Tract 85,Westchester County,[361190085001033],[1033]
2019,12/05/2019,08 AM,61.0,1,6100,Census Tract 61,Westchester County,[361190061003000],[3000]
2019,12/05/2019,09 AM,123.03,1,12303,Census Tract 123.03,Westchester County,[361190123031007],[1007]
2019,12/05/2019,01 PM,21.01,1,2101,Census Tract 21.01,Westchester County,[361190021013008],[3008]
2019,12/05/2019,01 PM,67.0,1,6700,Census Tract 67,Westchester County,[361190067001008],[1008]
2019,12/06/2019,07 AM,148.11,1,14811,Census Tract 148.11,Westchester County,[361190148114005],[4005]
2019,12/06/2019,11 AM,103.0,1,10300,Census Tract 103,Westchester County,[361190103001004],[1004]
2019,12/06/2019,12 PM,91.0,1,9100,Census Tract 91,Westchester County,[361190091002008],[2008]
2019,12/06/2019,12 PM,16.0,1,1600,Census Tract 16,Westchester County,[361190016004011],[4011]
2019,12/06/2019,02 PM,67.0,1,6700,Census Tract 67,Westchester County,[361190067003043],[3043]
2019,12/06/2019,03 PM,76.0,1,7600,Census Tract 76,Westchester County,[361190076003007],[3007]
2019,12/07/2019,01 AM,104.0,1,10400,Census Tract 104,Westchester County,[361190104003010],[3010]
2019,12/07/2019,02 AM,64.0,1,6400,Census Tract 64,Westchester County,[361190064001006],[1006]
2019,12/07/2019,11 AM,123.01,1,12301,Census Tract 123.01,Westchester County,[361190123011025],[1025]
2018,05/14/2018,08 PM,63.0,1,6300,Census Tract 63,Bronx County,[360050063002031],[2031]
2019,04/10/2019,01 PM,319.0,1,31900,Census Tract 319,Bronx County,[360050319001006],[1006]
2019,06/23/2019,10 AM,77.0,1,7700,Census Tract 77,Bronx County,[360050077001006],[1006]
2019,07/20/2019,10 AM,398.0,1,39800,Census Tract 398,Bronx County,[360050398003001],[3001]
2019,09/16/2019,01 PM,72.0,1,7200,Census Tract 72,Bronx County,[360050072001003],[1003]
2019,09/19/2019,10 AM,35.0,1,3500,Census Tract 35,Bronx County,[360050035003000],[3000]
2019,10/10/2019,11 AM,63.0,1,6300,Census Tract 63,Bronx County,[360050063001004],[1004]
2019,10/14/2019,01 PM,79.0,1,7900,Census Tract 79,Bronx County,[360050079001004],[1004]
2019,11/26/2019,02 PM,1417.0,1,141700,Census Tract 1417,Queens County,[360811417001000],[1000]
2019,11/30/2019,10 AM,1417.0,1,141700,Census Tract 1417,Queens County,[360811417001000],[1000]
2019,10/20/2019,10 AM,403.03,1,40303,Census Tract 403.03,Bronx County,[360050403033001],[3001]
2019,11/03/2019,09 AM,237.02,1,23702,Census Tract 237.02,Bronx County,[360050237021001],[1001]
2019,11/11/2019,09 AM,63.0,1,6300,Census Tract 63,Bronx County,[360050063001004],[1004]
2019,11/14/2019,01 PM,351.0,1,35100,Census Tract 351,Bronx County,[360050351001000],[1000]
2019,11/14/2019,01 PM,143.0,1,14300,Census Tract 143,Bronx County,[360050143001006],[1006]
2019,11/18/2019,10 AM,462.01,1,46201,Census Tract 462.01,Bronx County,[360050462014000],[4000]
2019,11/18/2019,01 PM,318.0,1,31800,Census Tract 318,Bronx County,[360050318002008],[2008]
2019,11/26/2019,10 AM,222.0,1,22200,Census Tract 222,Bronx County,[360050222001003],[1003]
2019,12/05/2019,11 AM,516.0,1,51600,Census Tract 516,Bronx County,[360050516001016],[1016]
2019,12/06/2019,11 AM,385.0,1,38500,Census Tract 385,Bronx County,[360050385002001],[2001]
2019,12/06/2019,02 PM,267.02,1,26702,Census Tract 267.02,Bronx County,[360050267021001],[1001]
2019,12/07/2019,12 PM,28.0,1,2800,Census Tract 28,Bronx County,[360050028001010],[1010]
2019,12/07/2019,11 PM,297.0,1,29700,Census Tract 297,Bronx County,[360050297001005],[1005]
2019,05/09/2019,08 AM,68.0,1,6800,Census Tract 68,New York County,[360610068001000],[1000]
2019,11/27/2019,10 AM,34.0,1,3400,Census Tract 34,New York County,[360610034004001],[4001]
2019,12/08/2019,09 AM,32.0,1,3200,Census Tract 32,New York County,[360610032004000],[4000]
2019,12/08/2019,10 AM,16.0,1,1600,Census Tract 16,New York County,[360610016001002],[1002]
2019,12/08/2019,12 PM,39.0,1,3900,Census Tract 39,New York County,[360610039001017],[1017]
2019,12/09/2019,12 AM,14.02,1,1402,Census Tract 14.02,New York County,[360610014022006],[2006]
2019,12/09/2019,08 AM,47.0,1,4700,Census Tract 47,New York County,[360610047002010],[2010]
2019,12/09/2019,02 PM,152.0,1,15200,Census Tract 152,New York County,[360610152005000],[5000]
2019,12/10/2019,03 PM,89.0,1,8900,Census Tract 89,New York County,[360610089002001],[2001]
2019,12/08/2019,10 AM,1347.0,1,134700,Census Tract 1347,Queens County,[360811347001002],[1002]
2019,12/08/2019,07 PM,1291.02,1,129102,Census Tract 1291.02,Queens County,[360811291024004],[4004]
2019,12/08/2019,08 PM,1347.0,1,134700,Census Tract 1347,Queens County,[360811347002001],[2001]
2019,12/09/2019,08 AM,1621.0,1,162100,Census Tract 1621,Queens County,[360811621001001],[1001]
2019,12/08/2019,10 AM,77.0,1,7700,Census Tract 77,Westchester County,[361190077003006],[3006]
2019,12/10/2019,01 PM,148.09,1,14809,Census Tract 148.09,Westchester County,[361190148094043],[4043]
2019,12/08/2019,10 AM,229.02,1,22902,Census Tract 229.02,Bronx County,[360050229021000],[1000]
2019,12/10/2019,09 AM,160.0,1,16000,Census Tract 160,Bronx County,[360050160001009],[1009]
2019,12/10/2019,10 AM,87.0,1,8700,Census Tract 87,Bronx County,[360050087002002],[2002]
2019,12/10/2019,12 PM,4.0,1,400,Census Tract 4,Bronx County,[360050004003002],[3002]
2019,11/23/2019,01 PM,277.0,1,27700,Census Tract 277,New York County,[360610277003001],[3001]
2019,12/11/2019,11 AM,89.0,1,8900,Census Tract 89,New York County,[360610089002001],[2001]
2019,12/11/2019,11 AM,93.0,1,9300,Census Tract 93,New York County,[360610093001002],[1002]
2019,12/11/2019,08 PM,166.0,1,16600,Census Tract 166,New York County,[360610166006000],[6000]
2019,12/11/2019,11 AM,799.0,1,79900,Census Tract 799,Queens County,[360810799001005],[1005]
2019,12/11/2019,09 AM,68.01,1,6801,Census Tract 68.01,Westchester County,[361190068013011],[3011]
2019,12/11/2019,12 PM,128.02,1,12802,Census Tract 128.02,Westchester County,[361190128021027],[1027]
2019,12/11/2019,04 PM,69.0,1,6900,Census Tract 69,Westchester County,[361190069003036],[3036]
2019,12/12/2019,09 AM,77.0,1,7700,Census Tract 77,New York County,[360610077003007],[3007]
2019,12/12/2019,11 AM,32.0,1,3200,Census Tract 32,New York County,[360610032004000],[4000]
2019,12/12/2019,10 PM,111.0,1,11100,Census Tract 111,New York County,[360610111002005],[2005]
2019,12/12/2019,09 PM,997.05,1,99705,Census Tract 997.05,Queens County,[360810997051018],[1018]
2019,12/12/2019,09 AM,110.0,1,11000,Census Tract 110,Westchester County,[361190110001016],[1016]
2019,12/12/2019,12 PM,131.04,1,13104,Census Tract 131.04,Westchester County,[361190131044017],[4017]
2019,12/12/2019,01 PM,131.02,1,13102,Census Tract 131.02,Westchester County,[361190131024001],[4001]
2019,12/12/2019,05 PM,36.0,1,3600,Census Tract 36,Westchester County,[361190036002008],[2008]
2019,12/12/2019,05 PM,97.03,1,9703,Census Tract 97.03,Westchester County,[361190097033020],[3020]
2019,12/12/2019,08 PM,108.01,1,10801,Census Tract 108.01,Westchester County,[361190108012018],[2018]
2019,12/12/2019,09 PM,75.0,1,7500,Census Tract 75,Westchester County,[361190075003026],[3026]
2019,12/13/2019,01 PM,101.0,1,10100,Census Tract 101,New York County,[360610101001005],[1005]
2019,12/13/2019,05 PM,1097.0,1,109700,Census Tract 1097,Queens County,[360811097002001],[2001]
2019,12/13/2019,09 PM,1207.0,1,120700,Census Tract 1207,Queens County,[360811207002004],[2004]
2019,12/13/2019,07 AM,48.0,1,4800,Census Tract 48,Westchester County,[361190048005008],[5008]
2019,12/13/2019,08 AM,97.01,1,9701,Census Tract 97.01,Westchester County,[361190097011011],[1011]
2019,12/13/2019,09 AM,123.01,1,12301,Census Tract 123.01,Westchester County,[361190123011025],[1025]
2019,12/13/2019,09 AM,68.02,1,6802,Census Tract 68.02,Westchester County,[361190068022015],[2015]
2019,12/13/2019,09 AM,122.0,1,12200,Census Tract 122,Westchester County,[361190122006007],[6007]
2019,12/13/2019,10 AM,19.0,1,1900,Census Tract 19,Westchester County,[361190019001008],[1008]
2019,12/13/2019,11 AM,114.0,1,11400,Census Tract 114,Westchester County,[361190114001005],[1005]
2019,12/13/2019,01 PM,87.0,1,8700,Census Tract 87,Westchester County,[361190087003000],[3000]
2019,12/13/2019,02 PM,111.01,1,11101,Census Tract 111.01,Westchester County,[361190111014008],[4008]
2019,12/13/2019,02 PM,106.0,1,10600,Census Tract 106,Westchester County,[361190106002004],[2004]
2019,12/13/2019,04 PM,107.01,1,10701,Census Tract 107.01,Westchester County,[361190107014014],[4014]
2019,12/13/2019,04 PM,120.0,1,12000,Census Tract 120,Westchester County,[361190120003019],[3019]
2019,12/13/2019,05 PM,21.01,1,2101,Census Tract 21.01,Westchester County,[361190021012008],[2008]
2019,12/13/2019,09 PM,139.0,1,13900,Census Tract 139,Westchester County,[361190139003005],[3005]
2019,12/14/2019,03 AM,66.0,1,6600,Census Tract 66,Westchester County,[361190066002008],[2008]
2019,12/13/2019,09 AM,371.0,1,37100,Census Tract 371,Bronx County,[360050371001002],[1002]
2019,12/13/2019,11 AM,386.0,1,38600,Census Tract 386,Bronx County,[360050386002007],[2007]
2019,12/13/2019,04 PM,328.0,1,32800,Census Tract 328,Bronx County,[360050328001003],[1003]
2019,12/14/2019,10 AM,79.0,1,7900,Census Tract 79,New York County,[360610079002002],[2002]
2019,12/14/2019,10 AM,1093.0,1,109300,Census Tract 1093,Queens County,[360811093002005],[2005]
2019,12/14/2019,09 AM,139.0,1,13900,Census Tract 139,Westchester County,[361190139004026],[4026]
2019,12/14/2019,09 AM,70.0,1,7000,Census Tract 70,Westchester County,[361190070003000],[3000]
2019,12/14/2019,11 AM,72.0,1,7200,Census Tract 72,Westchester County,[361190072002023],[2023]
2019,12/14/2019,11 AM,23.0,1,2300,Census Tract 23,Westchester County,[361190023001000],[1000]
2019,12/14/2019,01 PM,99.0,1,9900,Census Tract 99,Westchester County,[361190099003008],[3008]
2019,12/14/2019,06 PM,98.0,1,9800,Census Tract 98,Westchester County,[361190098001015],[1015]
2019,12/12/2019,08 PM,63.0,1,6300,Census Tract 63,Bronx County,[360050063001003],[1003]
2019,12/15/2019,09 AM,32.0,1,3200,Census Tract 32,New York County,[360610032004000],[4000]
2019,12/15/2019,10 AM,1579.03,1,157903,Census Tract 1579.03,Queens County,[360811579033000],[3000]
2019,12/15/2019,09 AM,85.0,1,8500,Census Tract 85,Westchester County,[361190085002007],[2007]
2019,12/16/2019,03 AM,131.04,1,13104,Census Tract 131.04,Westchester County,[361190131043021],[3021]
2019,12/02/2019,01 PM,130.0,1,13000,Census Tract 130,New York County,[360610130004000],[4000]
2019,12/16/2019,09 AM,76.0,1,7600,Census Tract 76,New York County,[360610076002004],[2004]
2019,12/16/2019,01 PM,37.0,1,3700,Census Tract 37,New York County,[360610037001009],[1009]
2019,12/16/2019,10 AM,1291.02,1,129102,Census Tract 1291.02,Queens County,[360811291024004],[4004]
2019,12/16/2019,12 PM,779.04,2,77904,Census Tract 779.04,Queens County,"[360810779042000, 360810779044000]","[2000, 4000]"
2019,12/16/2019,07 PM,97.0,1,9700,Census Tract 97,Queens County,[360810097003000],[3000]
2019,12/16/2019,11 PM,1291.02,1,129102,Census Tract 1291.02,Queens County,[360811291024005],[4005]
2019,12/16/2019,10 AM,140.0,1,14000,Census Tract 140,Westchester County,[361190140001019],[1019]
2019,12/16/2019,01 PM,72.0,1,7200,Census Tract 72,Westchester County,[361190072004002],[4002]
2019,12/16/2019,03 PM,51.0,1,5100,Census Tract 51,Westchester County,[361190051002006],[2006]
2019,12/16/2019,05 PM,107.01,1,10701,Census Tract 107.01,Westchester County,[361190107012019],[2019]
2019,12/16/2019,05 PM,17.0,1,1700,Census Tract 17,Westchester County,[361190017004008],[4008]
2019,12/16/2019,08 AM,237.02,1,23702,Census Tract 237.02,Bronx County,[360050237021001],[1001]
2019,12/16/2019,01 PM,138.0,1,13800,Census Tract 138,Bronx County,[360050138001026],[1026]
2019,12/16/2019,06 PM,448.0,1,44800,Census Tract 448,Bronx County,[360050448001002],[1002]
2019,06/19/2019,09 AM,126.0,1,12600,Census Tract 126,New York County,[360610126001001],[1001]
2019,11/27/2019,11 AM,96.0,1,9600,Census Tract 96,New York County,[360610096001003],[1003]
2019,12/17/2019,07 AM,145.0,1,14500,Census Tract 145,New York County,[360610145004000],[4000]
2019,12/17/2019,11 AM,91.0,1,9100,Census Tract 91,New York County,[360610091003000],[3000]
2019,12/17/2019,06 PM,1507.02,1,150702,Census Tract 1507.02,Queens County,[360811507022008],[2008]
2019,12/02/2019,10 AM,108.04,1,10804,Census Tract 108.04,Westchester County,[361190108041020],[1020]
2019,12/17/2019,08 AM,22.02,1,2202,Census Tract 22.02,Westchester County,[361190022023010],[3010]
2019,12/17/2019,05 PM,67.0,1,6700,Census Tract 67,Westchester County,[361190067001008],[1008]
2019,12/16/2019,01 PM,345.0,1,34500,Census Tract 345,Bronx County,[360050345002002],[2002]
2019,12/18/2019,11 AM,95.0,1,9500,Census Tract 95,New York County,[360610095002003],[2003]
2019,12/18/2019,01 PM,30.01,1,3001,Census Tract 30.01,New York County,[360610030012002],[2002]
2019,12/18/2019,08 AM,107.01,1,10701,Census Tract 107.01,Westchester County,[361190107012018],[2018]
2019,12/18/2019,08 AM,146.04,1,14604,Census Tract 146.04,Westchester County,[361190146041004],[1004]
2019,12/18/2019,07 AM,380.0,1,38000,Census Tract 380,Bronx County,[360050380002000],[2000]
2019,10/21/2019,10 AM,216.0,1,21600,Census Tract 216,New York County,[360610216005000],[5000]
2019,11/12/2019,08 AM,78.0,1,7800,Census Tract 78,New York County,[360610078001000],[1000]
2019,12/19/2019,11 AM,82.0,1,8200,Census Tract 82,New York County,[360610082001001],[1001]
2019,12/19/2019,01 PM,47.0,1,4700,Census Tract 47,New York County,[360610047002011],[2011]
2019,11/26/2019,01 PM,1579.01,1,157901,Census Tract 1579.01,Queens County,[360811579013000],[3000]
2019,12/19/2019,09 AM,24.05,1,2405,Census Tract 24.05,Westchester County,[361190024051006],[1006]
2019,12/20/2019,06 AM,542.0,1,54200,Census Tract 542,Queens County,[360810542002009],[2009]
2019,12/20/2019,08 AM,1223.0,1,122300,Census Tract 1223,Queens County,[360811223003009],[3009]
2019,12/20/2019,04 PM,542.0,1,54200,Census Tract 542,Queens County,[360810542002009],[2009]
2019,12/20/2019,09 AM,23.0,1,2300,Census Tract 23,Westchester County,[361190023002000],[2000]
2019,12/20/2019,09 AM,131.04,1,13104,Census Tract 131.04,Westchester County,[361190131043025],[3025]
2019,12/20/2019,10 AM,8.01,1,801,Census Tract 8.01,Westchester County,[361190008011002],[1002]
2019,12/20/2019,10 AM,24.03,1,2403,Census Tract 24.03,Westchester County,[361190024031008],[1008]
2019,12/20/2019,01 PM,11.02,1,1102,Census Tract 11.02,Westchester County,[361190011023001],[3001]
2019,12/20/2019,03 PM,17.0,2,1700,Census Tract 17,Westchester County,"[361190017002023, 361190017002023]","[2023, 2023]"
2019,12/20/2019,10 PM,50.02,1,5002,Census Tract 50.02,Westchester County,[361190050022020],[2020]
2019,12/21/2019,01 AM,66.0,1,6600,Census Tract 66,New York County,[360610066002000],[2000]
2019,12/21/2019,09 AM,245.0,1,24500,Census Tract 245,New York County,[360610245004001],[4001]
2019,12/21/2019,09 AM,1175.0,1,117500,Census Tract 1175,Queens County,[360811175004007],[4007]
2019,12/21/2019,12 PM,1551.02,1,155102,Census Tract 1551.02,Queens County,[360811551024002],[4002]
2019,12/21/2019,01 PM,1265.0,1,126500,Census Tract 1265,Queens County,[360811265001000],[1000]
2019,12/21/2019,01 PM,1551.02,1,155102,Census Tract 1551.02,Queens County,[360811551024002],[4002]
2019,12/21/2019,03 PM,189.0,1,18900,Census Tract 189,Queens County,[360810189002006],[2006]
2019,12/21/2019,04 PM,1463.0,1,146300,Census Tract 1463,Queens County,[360811463001003],[1003]
2019,12/21/2019,05 PM,1463.0,1,146300,Census Tract 1463,Queens County,[360811463001005],[1005]
2019,12/21/2019,05 PM,1265.0,1,126500,Census Tract 1265,Queens County,[360811265001000],[1000]
2019,12/21/2019,06 PM,1571.01,1,157101,Census Tract 1571.01,Queens County,[360811571017012],[7012]
2019,12/21/2019,12 PM,112.0,1,11200,Census Tract 112,Westchester County,[361190112001018],[1018]
2019,12/21/2019,01 PM,144.0,1,14400,Census Tract 144,Westchester County,[361190144003000],[3000]
2019,12/21/2019,06 PM,11.01,1,1101,Census Tract 11.01,Westchester County,[361190011012004],[2004]
2019,12/21/2019,07 PM,52.0,1,5200,Census Tract 52,Westchester County,[361190052001010],[1010]
2019,12/21/2019,09 PM,132.02,1,13202,Census Tract 132.02,Westchester County,[361190132022014],[2014]
2019,12/22/2019,01 AM,144.0,1,14400,Census Tract 144,Westchester County,[361190144003000],[3000]
2019,12/21/2019,10 AM,406.0,1,40600,Census Tract 406,Bronx County,[360050406001004],[1004]
2019,12/21/2019,11 AM,93.0,1,9300,Census Tract 93,Bronx County,[360050093005003],[5003]
2019,12/21/2019,05 PM,72.0,1,7200,Census Tract 72,Bronx County,[360050072001003],[1003]
2019,12/21/2019,09 PM,40.01,1,4001,Census Tract 40.01,Bronx County,[360050040011000],[1000]
2019,12/22/2019,08 AM,295.0,1,29500,Census Tract 295,New York County,[360610295003001],[3001]
2019,12/22/2019,01 PM,1241.0,1,124100,Census Tract 1241,Queens County,[360811241002007],[2007]
2019,12/22/2019,04 PM,1175.0,1,117500,Census Tract 1175,Queens County,[360811175004007],[4007]
2019,12/22/2019,08 AM,71.0,1,7100,Census Tract 71,Westchester County,[361190071001006],[1006]
2019,12/22/2019,10 AM,139.0,1,13900,Census Tract 139,Westchester County,[361190139004000],[4000]
2019,12/22/2019,12 PM,75.0,1,7500,Census Tract 75,Westchester County,[361190075003023],[3023]
2019,12/22/2019,08 PM,6.0,1,600,Census Tract 6,Westchester County,[361190006002001],[2001]
2019,12/22/2019,09 PM,19.0,1,1900,Census Tract 19,Westchester County,[361190019001007],[1007]
2019,12/23/2019,09 AM,150.02,1,15002,Census Tract 150.02,New York County,[360610150021000],[1000]
2019,12/23/2019,11 AM,170.0,1,17000,Census Tract 170,New York County,[360610170005000],[5000]
2019,12/23/2019,03 PM,33.0,1,3300,Census Tract 33,New York County,[360610033002007],[2007]
2019,12/23/2019,05 PM,58.0,1,5800,Census Tract 58,New York County,[360610058001007],[1007]
2019,12/23/2019,10 PM,30.01,1,3001,Census Tract 30.01,New York County,[360610030012002],[2002]
2019,12/23/2019,10 AM,1241.0,1,124100,Census Tract 1241,Queens County,[360811241001002],[1002]
2019,12/23/2019,11 AM,1247.0,1,124700,Census Tract 1247,Queens County,[360811247002009],[2009]
2019,12/23/2019,12 PM,1241.0,1,124100,Census Tract 1241,Queens County,[360811241001002],[1002]
2019,12/23/2019,01 PM,1093.0,1,109300,Census Tract 1093,Queens County,[360811093003006],[3006]
2019,12/23/2019,10 AM,59.02,1,5902,Census Tract 59.02,Westchester County,[361190059022002],[2002]
2019,12/23/2019,08 AM,72.0,1,7200,Census Tract 72,Bronx County,[360050072001002],[1002]
2019,12/23/2019,08 AM,444.0,1,44400,Census Tract 444,Bronx County,[360050444004001],[4001]
2019,12/23/2019,02 PM,273.0,1,27300,Census Tract 273,Bronx County,[360050273001003],[1003]
2019,12/24/2019,12 PM,7.0,1,700,Census Tract 7,New York County,[360610007001005],[1005]
2019,12/24/2019,11 PM,1409.02,2,140902,Census Tract 1409.02,Queens County,"[360811409021000, 360811409021000]","[1000, 1000]"
2019,12/24/2019,09 AM,99.0,1,9900,Census Tract 99,Westchester County,[361190099002001],[2001]
2019,12/24/2019,10 AM,69.0,1,6900,Census Tract 69,Westchester County,[361190069003036],[3036]
2019,12/24/2019,12 PM,68.01,1,6801,Census Tract 68.01,Westchester County,[361190068012010],[2010]
2019,12/24/2019,07 PM,23.0,1,2300,Census Tract 23,Westchester County,[361190023002012],[2012]
2019,12/24/2019,10 PM,17.0,2,1700,Census Tract 17,Westchester County,"[361190017006009, 361190017003003]","[6009, 3003]"
2019,12/25/2019,03 AM,19.0,1,1900,Census Tract 19,Westchester County,[361190019001007],[1007]
2019,12/25/2019,01 PM,50.0,1,5000,Census Tract 50,New York County,[360610050005000],[5000]
2019,12/25/2019,08 PM,15.01,1,1501,Census Tract 15.01,New York County,[360610015011015],[1015]
2019,12/25/2019,10 PM,1459.0,1,145900,Census Tract 1459,Queens County,[360811459003002],[3002]
2019,12/25/2019,10 AM,99.0,1,9900,Census Tract 99,Westchester County,[361190099002001],[2001]
2019,12/25/2019,02 PM,77.0,1,7700,Census Tract 77,Westchester County,[361190077003005],[3005]
2019,12/25/2019,11 PM,68.01,1,6801,Census Tract 68.01,Westchester County,[361190068014011],[4011]
2019,12/26/2019,01 PM,245.0,1,24500,Census Tract 245,New York County,[360610245001001],[1001]
2019,12/27/2019,12 AM,58.0,1,5800,Census Tract 58,New York County,[360610058001007],[1007]
2019,12/26/2019,10 AM,85.0,1,8500,Census Tract 85,Queens County,[360810085002002],[2002]
2019,12/26/2019,03 PM,1099.0,1,109900,Census Tract 1099,Queens County,[360811099001006],[1006]
2019,12/26/2019,04 PM,1571.01,1,157101,Census Tract 1571.01,Queens County,[360811571016007],[6007]
2019,12/26/2019,07 AM,50.02,1,5002,Census Tract 50.02,Westchester County,[361190050023013],[3013]
2019,12/26/2019,12 PM,113.0,1,11300,Census Tract 113,Westchester County,[361190113004015],[4015]
2019,12/26/2019,02 PM,112.0,1,11200,Census Tract 112,Westchester County,[361190112002040],[2040]
2019,12/26/2019,05 PM,59.01,1,5901,Census Tract 59.01,Westchester County,[361190059013002],[3002]
2019,12/26/2019,10 PM,67.0,1,6700,Census Tract 67,Westchester County,[361190067001008],[1008]
2019,12/26/2019,09 AM,414.0,1,41400,Census Tract 414,Bronx County,[360050414004013],[4013]
2019,12/26/2019,07 PM,65.0,1,6500,Census Tract 65,Bronx County,[360050065003000],[3000]
2019,12/27/2019,04 PM,1215.0,1,121500,Census Tract 1215,Queens County,[360811215002007],[2007]
2019,12/27/2019,07 AM,32.0,1,3200,Census Tract 32,Westchester County,[361190032002004],[2004]
2019,12/27/2019,07 AM,113.0,1,11300,Census Tract 113,Westchester County,[361190113001007],[1007]
2019,12/27/2019,10 AM,113.0,1,11300,Census Tract 113,Westchester County,[361190113001007],[1007]
2019,12/27/2019,11 AM,21.01,1,2101,Census Tract 21.01,Westchester County,[361190021012004],[2004]
2019,12/27/2019,11 AM,132.02,1,13202,Census Tract 132.02,Westchester County,[361190132022010],[2010]
2019,12/27/2019,12 PM,15.04,1,1504,Census Tract 15.04,Westchester County,[361190015044006],[4006]
2019,12/27/2019,01 PM,23.0,1,2300,Census Tract 23,Westchester County,[361190023002026],[2026]
2019,12/27/2019,02 PM,78.0,1,7800,Census Tract 78,Westchester County,[361190078003003],[3003]
2019,12/27/2019,06 PM,112.0,1,11200,Census Tract 112,Westchester County,[361190112003025],[3025]
2019,12/27/2019,07 PM,44.0,1,4400,Census Tract 44,Westchester County,[361190044002013],[2013]
2019,12/27/2019,09 PM,76.0,1,7600,Census Tract 76,Westchester County,[361190076002005],[2005]
2019,12/28/2019,12 AM,59.02,1,5902,Census Tract 59.02,Westchester County,[361190059022017],[2017]
2019,12/28/2019,08 AM,1551.02,1,155102,Census Tract 1551.02,Queens County,[360811551024002],[4002]
2019,12/28/2019,12 PM,1189.0,1,118900,Census Tract 1189,Queens County,[360811189001007],[1007]
2019,12/28/2019,08 PM,199.0,1,19900,Census Tract 199,Queens County,[360810199001004],[1004]
2019,12/28/2019,05 AM,55.0,1,5500,Census Tract 55,Westchester County,[361190055001017],[1017]
2019,12/28/2019,12 PM,113.0,1,11300,Census Tract 113,Westchester County,[361190113001013],[1013]
2019,12/28/2019,04 PM,98.0,1,9800,Census Tract 98,Westchester County,[361190098002000],[2000]
2019,12/28/2019,06 PM,53.0,1,5300,Census Tract 53,Westchester County,[361190053002002],[2002]
2019,12/29/2019,12 AM,6.0,1,600,Census Tract 6,Westchester County,[361190006004001],[4001]
2019,12/29/2019,07 AM,177.0,1,17700,Census Tract 177,New York County,[360610177006000],[6000]
2019,12/29/2019,02 PM,29.0,1,2900,Census Tract 29,New York County,[360610029002001],[2001]
2019,12/29/2019,02 PM,166.0,1,16600,Census Tract 166,New York County,[360610166006000],[6000]
2019,12/29/2019,11 AM,98.0,1,9800,Census Tract 98,Westchester County,[361190098002026],[2026]
2019,12/29/2019,05 PM,108.03,1,10803,Census Tract 108.03,Westchester County,[361190108032013],[2013]
2019,12/29/2019,09 PM,426.0,1,42600,Census Tract 426,Bronx County,[360050426003000],[3000]
2019,12/30/2019,06 PM,779.03,1,77903,Census Tract 779.03,Queens County,[360810779033002],[3002]
2019,12/30/2019,12 PM,273.0,1,27300,Census Tract 273,Bronx County,[360050273001003],[1003]
2019,12/31/2019,01 PM,76.0,1,7600,Census Tract 76,New York County,[360610076001000],[1000]
2019,12/31/2019,04 PM,181.01,1,18101,Census Tract 181.01,Queens County,[360810181012001],[2001]
2019,12/31/2019,09 AM,115.0,1,11500,Census Tract 115,Westchester County,[361190115001022],[1022]
2019,12/31/2019,10 AM,67.0,1,6700,Census Tract 67,Westchester County,[361190067001016],[1016]
2019,12/31/2019,10 AM,132.02,1,13202,Census Tract 132.02,Westchester County,[361190132022010],[2010]
2019,12/31/2019,11 AM,13.01,1,1301,Census Tract 13.01,Westchester County,[361190013012013],[2013]
2019,12/31/2019,11 AM,132.01,1,13201,Census Tract 132.01,Westchester County,[361190132012052],[2052]
2019,12/31/2019,12 PM,112.0,1,11200,Census Tract 112,Westchester County,[361190112002040],[2040]
2019,12/31/2019,01 PM,71.0,1,7100,Census Tract 71,Westchester County,[361190071003014],[3014]
2019,12/31/2019,03 PM,114.0,1,11400,Census Tract 114,Westchester County,[361190114002004],[2004]
2020,01/01/2020,08 PM,47.0,1,4700,Census Tract 47,New York County,[360610047002014],[2014]
2020,01/01/2020,06 PM,109.03,1,10903,Census Tract 109.03,Westchester County,[361190109034041],[4041]
2020,01/01/2020,08 PM,39.0,1,3900,Census Tract 39,Bronx County,[360050039002001],[2001]
2020,01/02/2020,07 AM,106.02,1,10602,Census Tract 106.02,New York County,[360610106021000],[1000]
2020,01/02/2020,11 AM,7.0,1,700,Census Tract 7,New York County,[360610007001000],[1000]
2020,01/02/2020,06 PM,133.0,1,13300,Census Tract 133,New York County,[360610133004001],[4001]
2020,01/02/2020,09 AM,1093.0,1,109300,Census Tract 1093,Queens County,[360811093003007],[3007]
2020,01/02/2020,12 PM,1215.0,1,121500,Census Tract 1215,Queens County,[360811215001000],[1000]
2020,01/02/2020,02 PM,1483.0,1,148300,Census Tract 1483,Queens County,[360811483003017],[3017]
2020,01/02/2020,02 PM,103.0,1,10300,Census Tract 103,Queens County,[360810103002001],[2001]
2020,01/02/2020,06 PM,230.0,1,23000,Census Tract 230,Queens County,[360810230001001],[1001]
2019,12/06/2019,10 AM,74.01,1,7401,Census Tract 74.01,Westchester County,[361190074013000],[3000]
2020,01/02/2020,07 AM,14.02,1,1402,Census Tract 14.02,Westchester County,[361190014022004],[2004]
2020,01/02/2020,08 AM,109.01,1,10901,Census Tract 109.01,Westchester County,[361190109011017],[1017]
2020,01/02/2020,09 AM,67.0,1,6700,Census Tract 67,Westchester County,[361190067003010],[3010]
2020,01/02/2020,09 AM,141.0,1,14100,Census Tract 141,Westchester County,[361190141003018],[3018]
2020,01/02/2020,09 AM,98.0,1,9800,Census Tract 98,Westchester County,[361190098004012],[4012]
2020,01/02/2020,10 AM,22.02,1,2202,Census Tract 22.02,Westchester County,[361190022024027],[4027]
2020,01/02/2020,11 AM,147.03,1,14703,Census Tract 147.03,Westchester County,[361190147032011],[2011]
2020,01/02/2020,11 AM,84.04,1,8404,Census Tract 84.04,Westchester County,[361190084045008],[5008]
2020,01/02/2020,11 AM,79.0,1,7900,Census Tract 79,Westchester County,[361190079002012],[2012]
2020,01/02/2020,02 PM,141.0,1,14100,Census Tract 141,Westchester County,[361190141004003],[4003]
2020,01/02/2020,04 PM,121.01,1,12101,Census Tract 121.01,Westchester County,[361190121012019],[2019]
2020,01/02/2020,06 PM,81.0,1,8100,Census Tract 81,Westchester County,[361190081001006],[1006]
2020,01/02/2020,08 PM,57.01,1,5701,Census Tract 57.01,Westchester County,[361190057012002],[2002]
2020,01/02/2020,09 AM,462.01,1,46201,Census Tract 462.01,Bronx County,[360050462018000],[8000]
2020,01/02/2020,10 AM,267.01,1,26701,Census Tract 267.01,Bronx County,[360050267011001],[1001]
2020,01/02/2020,02 PM,516.0,1,51600,Census Tract 516,Bronx County,[360050516001016],[1016]
2020,01/02/2020,08 PM,516.0,1,51600,Census Tract 516,Bronx County,[360050516003004],[3004]
2020,01/03/2020,07 AM,157.0,1,15700,Census Tract 157,New York County,[360610157005000],[5000]
2020,01/03/2020,09 AM,129.0,1,12900,Census Tract 129,New York County,[360610129001008],[1008]
2020,01/03/2020,11 AM,36.01,1,3601,Census Tract 36.01,New York County,[360610036013001],[3001]
2020,01/03/2020,12 PM,189.0,1,18900,Census Tract 189,New York County,[360610189002001],[2001]
2020,01/03/2020,01 PM,7.0,1,700,Census Tract 7,New York County,[360610007001000],[1000]
2020,01/03/2020,04 PM,66.0,1,6600,Census Tract 66,New York County,[360610066008002],[8002]
2020,01/03/2020,09 AM,135.0,1,13500,Census Tract 135,Westchester County,[361190135001007],[1007]
2020,01/03/2020,10 AM,148.05,1,14805,Census Tract 148.05,Westchester County,[361190148051023],[1023]
2020,01/03/2020,11 AM,24.03,1,2403,Census Tract 24.03,Westchester County,[361190024034025],[4025]
2020,01/03/2020,12 PM,145.0,1,14500,Census Tract 145,Westchester County,[361190145001004],[1004]
2020,01/03/2020,01 PM,73.0,1,7300,Census Tract 73,Westchester County,[361190073002000],[2000]
2020,01/03/2020,02 PM,132.02,1,13202,Census Tract 132.02,Westchester County,[361190132022010],[2010]
2020,01/03/2020,02 PM,83.02,1,8302,Census Tract 83.02,Westchester County,[361190083022004],[2004]
2020,01/03/2020,03 PM,114.0,1,11400,Census Tract 114,Westchester County,[361190114002004],[2004]
2020,01/03/2020,04 PM,83.02,1,8302,Census Tract 83.02,Westchester County,[361190083022004],[2004]
2020,01/03/2020,08 PM,73.0,1,7300,Census Tract 73,Westchester County,[361190073002000],[2000]
2020,01/03/2020,09 PM,83.02,1,8302,Census Tract 83.02,Westchester County,[361190083023031],[3031]
2020,01/03/2020,08 AM,218.0,1,21800,Census Tract 218,Bronx County,[360050218003000],[3000]
2020,01/03/2020,03 PM,119.0,1,11900,Census Tract 119,Bronx County,[360050119003000],[3000]
2020,01/03/2020,10 AM,68.01,1,6801,Census Tract 68.01,Westchester County,[361190068013015],[3015]
2020,01/04/2020,12 PM,134.0,1,13400,Census Tract 134,New York County,[360610134001000],[1000]
2020,01/04/2020,03 PM,150.02,1,15002,Census Tract 150.02,New York County,[360610150022001],[2001]
2020,01/04/2020,03 PM,100.0,1,10000,Census Tract 100,New York County,[360610100001004],[1004]
2020,01/04/2020,06 PM,111.0,1,11100,Census Tract 111,New York County,[360610111002005],[2005]
2020,01/04/2020,10 PM,27.0,1,2700,Census Tract 27,New York County,[360610027001005],[1005]
2020,01/04/2020,08 AM,1151.0,1,115100,Census Tract 1151,Queens County,[360811151001001],[1001]
2020,01/04/2020,09 AM,1113.0,1,111300,Census Tract 1113,Queens County,[360811113003007],[3007]
2020,01/04/2020,12 PM,1175.0,1,117500,Census Tract 1175,Queens County,[360811175004007],[4007]
2020,01/04/2020,02 PM,1551.02,1,155102,Census Tract 1551.02,Queens County,[360811551024005],[4005]
2020,01/04/2020,06 PM,1175.0,1,117500,Census Tract 1175,Queens County,[360811175004007],[4007]
2020,01/04/2020,07 AM,148.06,1,14806,Census Tract 148.06,Westchester County,[361190148065015],[5015]
2020,01/04/2020,08 AM,2.02,1,202,Census Tract 2.02,Westchester County,[361190002023005],[3005]
2020,01/04/2020,09 AM,70.0,1,7000,Census Tract 70,Westchester County,[361190070004001],[4001]
2020,01/04/2020,10 AM,131.04,1,13104,Census Tract 131.04,Westchester County,[361190131042006],[2006]
2020,01/04/2020,11 AM,130.0,1,13000,Census Tract 130,Westchester County,[361190130003012],[3012]
2020,01/04/2020,12 PM,48.0,1,4800,Census Tract 48,Westchester County,[361190048005006],[5006]
2020,01/04/2020,12 PM,70.0,1,7000,Census Tract 70,Westchester County,[361190070003015],[3015]
2020,01/04/2020,09 AM,426.0,1,42600,Census Tract 426,Bronx County,[360050426001003],[1003]
2020,01/04/2020,11 AM,462.02,1,46202,Census Tract 462.02,Bronx County,[360050462021008],[1008]
2020,01/05/2020,10 AM,295.0,1,29500,Census Tract 295,New York County,[360610295003001],[3001]
2020,01/05/2020,11 AM,51.0,1,5100,Census Tract 51,Westchester County,[361190051001007],[1007]
2020,01/05/2020,11 AM,68.02,1,6802,Census Tract 68.02,Westchester County,[361190068022015],[2015]
2020,01/05/2020,09 PM,116.0,1,11600,Census Tract 116,Westchester County,[361190116003007],[3007]
2020,01/06/2020,02 AM,139.0,1,13900,Census Tract 139,Westchester County,[361190139004000],[4000]
2020,01/05/2020,11 AM,265.0,1,26500,Census Tract 265,Bronx County,[360050265004001],[4001]
2019,08/27/2019,12 PM,87.0,1,8700,Census Tract 87,New York County,[360610087002000],[2000]
2020,01/06/2020,09 AM,173.0,1,17300,Census Tract 173,New York County,[360610173003001],[3001]
2020,01/06/2020,12 PM,227.0,1,22700,Census Tract 227,New York County,[360610227001000],[1000]
2020,01/06/2020,01 PM,6.0,1,600,Census Tract 6,New York County,[360610006001002],[1002]
2020,01/06/2020,03 PM,26.02,1,2602,Census Tract 26.02,New York County,[360610026021002],[1002]
2020,01/06/2020,04 PM,183.0,1,18300,Census Tract 183,New York County,[360610183007001],[7001]
2020,01/06/2020,07 PM,18.0,1,1800,Census Tract 18,New York County,[360610018006000],[6000]
2020,01/06/2020,09 AM,1223.0,1,122300,Census Tract 1223,Queens County,[360811223002003],[2003]
2020,01/06/2020,10 AM,518.0,1,51800,Census Tract 518,Queens County,[360810518002001],[2001]
2020,01/06/2020,08 AM,146.06,1,14606,Census Tract 146.06,Westchester County,[361190146061011],[1011]
2020,01/06/2020,09 AM,122.0,1,12200,Census Tract 122,Westchester County,[361190122004006],[4006]
2020,01/06/2020,09 AM,123.04,1,12304,Census Tract 123.04,Westchester County,[361190123041012],[1012]
2020,01/06/2020,09 AM,53.0,1,5300,Census Tract 53,Westchester County,[361190053001012],[1012]
2020,01/06/2020,10 AM,2.03,1,203,Census Tract 2.03,Westchester County,[361190002032008],[2008]
2020,01/06/2020,10 AM,137.0,1,13700,Census Tract 137,Westchester County,[361190137001000],[1000]
2020,01/06/2020,11 AM,73.0,1,7300,Census Tract 73,Westchester County,[361190073002000],[2000]
2020,01/06/2020,11 AM,123.04,1,12304,Census Tract 123.04,Westchester County,[361190123041002],[1002]
2020,01/06/2020,11 AM,119.02,1,11902,Census Tract 119.02,Westchester County,[361190119022034],[2034]
2020,01/06/2020,12 PM,137.0,1,13700,Census Tract 137,Westchester County,[361190137001011],[1011]
2020,01/06/2020,01 PM,122.0,1,12200,Census Tract 122,Westchester County,[361190122005028],[5028]
2020,01/06/2020,01 PM,141.0,1,14100,Census Tract 141,Westchester County,[361190141001012],[1012]
2020,01/06/2020,02 PM,50.02,1,5002,Census Tract 50.02,Westchester County,[361190050023013],[3013]
2020,01/06/2020,02 PM,116.0,1,11600,Census Tract 116,Westchester County,[361190116003000],[3000]
2020,01/06/2020,03 PM,70.0,1,7000,Census Tract 70,Westchester County,[361190070001018],[1018]
2020,01/06/2020,03 PM,119.02,1,11902,Census Tract 119.02,Westchester County,[361190119022016],[2016]
2020,01/06/2020,03 PM,139.0,1,13900,Census Tract 139,Westchester County,[361190139003007],[3007]
2020,01/06/2020,04 PM,139.0,1,13900,Census Tract 139,Westchester County,[361190139004000],[4000]
2020,01/06/2020,06 PM,85.0,1,8500,Census Tract 85,Westchester County,[361190085001030],[1030]
2020,01/06/2020,03 PM,160.0,1,16000,Census Tract 160,Bronx County,[360050160001009],[1009]
2020,01/07/2020,06 AM,65.0,1,6500,Census Tract 65,New York County,[360610065003001],[3001]
2020,01/07/2020,02 PM,6.0,1,600,Census Tract 6,New York County,[360610006001000],[1000]
2020,01/07/2020,02 PM,205.0,1,20500,Census Tract 205,New York County,[360610205001007],[1007]
2020,01/07/2020,04 PM,31.0,1,3100,Census Tract 31,New York County,[360610031001007],[1007]
2020,01/07/2020,09 PM,135.0,1,13500,Census Tract 135,New York County,[360610135002003],[2003]
2020,01/07/2020,09 AM,85.0,1,8500,Census Tract 85,Queens County,[360810085002005],[2005]
2020,01/07/2020,09 AM,757.01,1,75701,Census Tract 757.01,Queens County,[360810757013002],[3002]
2020,01/07/2020,10 AM,869.0,1,86900,Census Tract 869,Queens County,[360810869002021],[2021]
2020,01/07/2020,10 AM,1441.0,1,144100,Census Tract 1441,Queens County,[360811441004002],[4002]
2020,01/07/2020,11 AM,159.0,1,15900,Census Tract 159,Queens County,[360810159003001],[3001]
2020,01/07/2020,01 PM,1471.0,1,147100,Census Tract 1471,Queens County,[360811471002004],[2004]
2020,01/07/2020,04 PM,716.0,1,71600,Census Tract 716,Queens County,[360810716001040],[1040]
2020,01/07/2020,08 AM,123.03,1,12303,Census Tract 123.03,Westchester County,[361190123033036],[3036]
2020,01/07/2020,08 AM,137.0,1,13700,Census Tract 137,Westchester County,[361190137001039],[1039]
2020,01/07/2020,09 AM,111.01,1,11101,Census Tract 111.01,Westchester County,[361190111013001],[3001]
2020,01/07/2020,09 AM,99.0,2,9900,Census Tract 99,Westchester County,"[361190099003006, 361190099003006]","[3006, 3006]"
2020,01/07/2020,09 AM,55.0,1,5500,Census Tract 55,Westchester County,[361190055004007],[4007]
2020,01/07/2020,09 AM,16.0,1,1600,Census Tract 16,Westchester County,[361190016004009],[4009]
2020,01/07/2020,10 AM,121.02,1,12102,Census Tract 121.02,Westchester County,[361190121023024],[3024]
2020,01/07/2020,10 AM,66.0,1,6600,Census Tract 66,Westchester County,[361190066003004],[3004]
2020,01/07/2020,11 AM,9810.0,1,981000,Census Tract 9810,Westchester County,[361199810001016],[1016]
2020,01/07/2020,11 AM,144.0,1,14400,Census Tract 144,Westchester County,[361190144002008],[2008]
2020,01/07/2020,01 PM,113.0,1,11300,Census Tract 113,Westchester County,[361190113001021],[1021]
2020,01/07/2020,06 PM,97.03,1,9703,Census Tract 97.03,Westchester County,[361190097033002],[3002]
2020,01/07/2020,11 AM,138.0,1,13800,Census Tract 138,Bronx County,[360050138001024],[1024]
2020,01/07/2020,12 PM,385.0,1,38500,Census Tract 385,Bronx County,[360050385004003],[4003]
2020,01/07/2020,12 PM,251.0,1,25100,Census Tract 251,Bronx County,[360050251005001],[5001]
2020,01/07/2020,05 PM,266.02,1,26602,Census Tract 266.02,Bronx County,[360050266023003],[3003]
2020,01/08/2020,08 AM,45.0,1,4500,Census Tract 45,New York County,[360610045001009],[1009]
2020,01/08/2020,11 AM,79.0,1,7900,Census Tract 79,New York County,[360610079004006],[4006]
2020,01/08/2020,03 PM,15.01,1,1501,Census Tract 15.01,New York County,[360610015013009],[3009]
2020,01/08/2020,04 PM,148.02,1,14802,Census Tract 148.02,New York County,[360610148023000],[3000]
2020,01/08/2020,06 PM,102.0,1,10200,Census Tract 102,New York County,[360610102001012],[1012]
2020,01/08/2020,08 AM,889.01,1,88901,Census Tract 889.01,Queens County,[360810889015000],[5000]
2020,01/08/2020,09 AM,1123.0,1,112300,Census Tract 1123,Queens County,[360811123001009],[1009]
2020,01/08/2020,10 AM,189.0,1,18900,Census Tract 189,Queens County,[360810189002006],[2006]
2020,01/08/2020,01 PM,31.0,1,3100,Census Tract 31,Queens County,[360810031002000],[2000]
2020,01/08/2020,08 AM,138.0,1,13800,Census Tract 138,Westchester County,[361190138001008],[1008]
2020,01/08/2020,08 AM,139.0,1,13900,Census Tract 139,Westchester County,[361190139001005],[1005]
2020,01/08/2020,09 AM,138.0,1,13800,Census Tract 138,Westchester County,[361190138003017],[3017]
2020,01/08/2020,09 AM,74.01,1,7401,Census Tract 74.01,Westchester County,[361190074011004],[1004]
2020,01/08/2020,09 AM,123.04,1,12304,Census Tract 123.04,Westchester County,[361190123041013],[1013]
2020,01/08/2020,10 AM,138.0,1,13800,Census Tract 138,Westchester County,[361190138001002],[1002]
2020,01/08/2020,10 AM,109.02,1,10902,Census Tract 109.02,Westchester County,[361190109024025],[4025]
2020,01/08/2020,11 AM,123.04,1,12304,Census Tract 123.04,Westchester County,[361190123041015],[1015]
2020,01/08/2020,11 AM,139.0,1,13900,Census Tract 139,Westchester County,[361190139004024],[4024]
2020,01/08/2020,11 AM,68.02,1,6802,Census Tract 68.02,Westchester County,[361190068023049],[3049]
2020,01/08/2020,12 PM,50.01,1,5001,Census Tract 50.01,Westchester County,[361190050011033],[1033]
2020,01/08/2020,01 PM,20.0,1,2000,Census Tract 20,Westchester County,[361190020003003],[3003]
2020,01/08/2020,01 PM,84.03,1,8403,Census Tract 84.03,Westchester County,[361190084032034],[2034]
2020,01/08/2020,12 PM,68.02,1,6802,Census Tract 68.02,Westchester County,[361190068023049],[3049]
2020,01/08/2020,05 PM,50.02,1,5002,Census Tract 50.02,Westchester County,[361190050023001],[3001]
2020,01/06/2020,11 AM,2.0,1,200,Census Tract 2,Bronx County,[360050002002003],[2003]
2020,01/08/2020,10 AM,340.0,1,34000,Census Tract 340,Bronx County,[360050340001000],[1000]
2020,01/09/2020,12 PM,193.0,1,19300,Census Tract 193,New York County,[360610193004000],[4000]
2020,01/09/2020,01 PM,31.0,1,3100,Census Tract 31,New York County,[360610031001000],[1000]
2020,01/09/2020,04 PM,40.0,1,4000,Census Tract 40,New York County,[360610040001001],[1001]
2020,01/09/2020,06 PM,15.02,1,1502,Census Tract 15.02,New York County,[360610015021008],[1008]
2020,01/09/2020,09 AM,1193.0,1,119300,Census Tract 1193,Queens County,[360811193001006],[1006]
2020,01/09/2020,10 AM,1167.0,1,116700,Census Tract 1167,Queens County,[360811167001005],[1005]
2020,01/09/2020,11 AM,1247.0,1,124700,Census Tract 1247,Queens County,[360811247001010],[1010]
2020,01/09/2020,03 PM,189.0,1,18900,Census Tract 189,Queens County,[360810189003004],[3004]
2020,01/09/2020,04 PM,1459.0,1,145900,Census Tract 1459,Queens County,[360811459001002],[1002]
2020,01/09/2020,11 AM,128.02,1,12802,Census Tract 128.02,Westchester County,[361190128022006],[2006]
2020,01/09/2020,11 AM,75.0,1,7500,Census Tract 75,Westchester County,[361190075003014],[3014]
2020,01/09/2020,12 PM,11.01,1,1101,Census Tract 11.01,Westchester County,[361190011012000],[2000]
2020,01/09/2020,01 PM,107.01,1,10701,Census Tract 107.01,Westchester County,[361190107014015],[4015]
2020,01/09/2020,02 PM,136.0,1,13600,Census Tract 136,Westchester County,[361190136003021],[3021]
2020,01/09/2020,02 PM,7.01,1,701,Census Tract 7.01,Westchester County,[361190007012011],[2011]
2020,01/09/2020,02 PM,67.0,1,6700,Census Tract 67,Westchester County,[361190067003002],[3002]
2020,01/09/2020,04 PM,83.02,1,8302,Census Tract 83.02,Westchester County,[361190083024005],[4005]
2020,01/09/2020,04 PM,8.01,1,801,Census Tract 8.01,Westchester County,[361190008013003],[3003]
2020,01/09/2020,05 PM,87.0,1,8700,Census Tract 87,Westchester County,[361190087001014],[1014]
2020,01/09/2020,08 PM,13.02,1,1302,Census Tract 13.02,Westchester County,[361190013023000],[3000]
2020,01/09/2020,09 PM,21.05,1,2105,Census Tract 21.05,Westchester County,[361190021051006],[1006]
2019,12/26/2019,02 PM,382.0,1,38200,Census Tract 382,Bronx County,[360050382002005],[2005]
2020,01/09/2020,10 AM,225.0,1,22500,Census Tract 225,Bronx County,[360050225002001],[2001]
2020,01/09/2020,10 AM,125.0,1,12500,Census Tract 125,Bronx County,[360050125002004],[2004]
2020,01/09/2020,11 AM,118.0,1,11800,Census Tract 118,Bronx County,[360050118003005],[3005]
2020,01/09/2020,04 PM,199.0,1,19900,Census Tract 199,Bronx County,[360050199006001],[6001]
2020,01/09/2020,05 PM,326.0,1,32600,Census Tract 326,Bronx County,[360050326001002],[1002]
2020,01/09/2020,07 PM,199.0,1,19900,Census Tract 199,Bronx County,[360050199003001],[3001]
2020,01/12/2020,10 AM,33.0,1,3300,Census Tract 33,New York County,[360610033002007],[2007]
2020,01/12/2020,11 AM,242.0,1,24200,Census Tract 242,New York County,[360610242003006],[3006]
2020,01/12/2020,01 PM,15.01,1,1501,Census Tract 15.01,New York County,[360610015012003],[2003]
2020,01/12/2020,05 PM,232.0,1,23200,Census Tract 232,New York County,[360610232002001],[2001]
2020,01/12/2020,05 PM,166.0,1,16600,Census Tract 166,New York County,[360610166006000],[6000]
2020,01/13/2020,02 AM,14.01,1,1401,Census Tract 14.01,New York County,[360610014012002],[2002]
2020,01/12/2020,03 PM,1175.0,1,117500,Census Tract 1175,Queens County,[360811175004007],[4007]
2020,01/12/2020,07 AM,50.01,1,5001,Census Tract 50.01,Westchester County,[361190050012024],[2024]
2020,01/12/2020,09 AM,109.02,1,10902,Census Tract 109.02,Westchester County,[361190109024020],[4020]
2020,01/12/2020,09 AM,85.0,1,8500,Census Tract 85,Westchester County,[361190085001008],[1008]
2020,01/12/2020,10 AM,145.0,1,14500,Census Tract 145,Westchester County,[361190145003004],[3004]
2020,01/12/2020,12 PM,85.0,1,8500,Census Tract 85,Westchester County,[361190085001011],[1011]
2020,01/12/2020,12 PM,15.02,1,1502,Census Tract 15.02,Westchester County,[361190015021002],[1002]
2020,01/12/2020,01 PM,111.01,1,11101,Census Tract 111.01,Westchester County,[361190111013011],[3011]
2020,01/12/2020,02 PM,14.01,1,1401,Census Tract 14.01,Westchester County,[361190014013001],[3001]
2020,01/12/2020,07 PM,114.0,1,11400,Census Tract 114,Westchester County,[361190114004007],[4007]
2020,01/10/2020,11 AM,179.0,1,17900,Census Tract 179,New York County,[360610179001002],[1002]
2020,01/10/2020,06 PM,93.0,1,9300,Census Tract 93,New York County,[360610093006000],[6000]
2020,01/10/2020,08 AM,1403.0,1,140300,Census Tract 1403,Queens County,[360811403002006],[2006]
2020,01/10/2020,09 AM,81.0,1,8100,Census Tract 81,Queens County,[360810081001008],[1008]
2020,01/10/2020,11 AM,1403.0,1,140300,Census Tract 1403,Queens County,[360811403002000],[2000]
2020,01/10/2020,11 AM,837.0,1,83700,Census Tract 837,Queens County,[360810837001000],[1000]
2020,01/10/2020,11 AM,145.0,1,14500,Census Tract 145,Queens County,[360810145001003],[1003]
2020,01/10/2020,12 PM,263.0,1,26300,Census Tract 263,Queens County,[360810263001005],[1005]
2020,01/10/2020,05 PM,1467.0,1,146700,Census Tract 1467,Queens County,[360811467003000],[3000]
2020,01/10/2020,10 PM,1175.0,1,117500,Census Tract 1175,Queens County,[360811175004006],[4006]
2020,01/10/2020,09 AM,131.04,1,13104,Census Tract 131.04,Westchester County,[361190131044016],[4016]
2020,01/10/2020,09 AM,59.02,1,5902,Census Tract 59.02,Westchester County,[361190059022017],[2017]
2020,01/10/2020,11 AM,116.0,1,11600,Census Tract 116,Westchester County,[361190116003013],[3013]
2020,01/10/2020,12 PM,146.06,1,14606,Census Tract 146.06,Westchester County,[361190146061000],[1000]
2020,01/10/2020,01 PM,132.02,1,13202,Census Tract 132.02,Westchester County,[361190132022004],[2004]
2020,01/10/2020,03 PM,131.04,1,13104,Census Tract 131.04,Westchester County,[361190131044016],[4016]
2020,01/10/2020,09 AM,155.0,1,15500,Census Tract 155,Bronx County,[360050155002002],[2002]
2020,01/10/2020,09 AM,221.01,1,22101,Census Tract 221.01,Bronx County,[360050221012000],[2000]
2020,01/10/2020,10 AM,426.0,1,42600,Census Tract 426,Bronx County,[360050426006002],[6002]
2020,01/10/2020,02 PM,63.0,1,6300,Census Tract 63,Bronx County,[360050063001000],[1000]
2020,01/11/2020,11 AM,157.0,1,15700,Census Tract 157,Queens County,[360810157001007],[1007]
2020,01/11/2020,07 AM,50.02,1,5002,Census Tract 50.02,Westchester County,[361190050022007],[2007]
2020,01/11/2020,09 AM,131.04,1,13104,Census Tract 131.04,Westchester County,[361190131041039],[1039]
2020,01/11/2020,12 PM,79.0,1,7900,Census Tract 79,Westchester County,[361190079006004],[6004]
2020,01/13/2020,11 AM,126.0,1,12600,Census Tract 126,New York County,[360610126004000],[4000]
2020,01/13/2020,03 PM,86.03,1,8603,Census Tract 86.03,New York County,[360610086031000],[1000]
2020,01/13/2020,07 AM,169.0,1,16900,Census Tract 169,Queens County,[360810169002011],[2011]
2020,01/13/2020,09 AM,185.02,1,18502,Census Tract 185.02,Queens County,[360810185023005],[3005]
2020,01/13/2020,10 AM,235.0,1,23500,Census Tract 235,Queens County,[360810235002003],[2003]
2020,01/13/2020,10 AM,1291.03,1,129103,Census Tract 1291.03,Queens County,[360811291032000],[2000]
2020,01/13/2020,10 AM,1551.02,1,155102,Census Tract 1551.02,Queens County,[360811551026000],[6000]
2020,01/13/2020,11 AM,779.02,1,77902,Census Tract 779.02,Queens County,[360810779021000],[1000]
2020,01/13/2020,11 AM,199.0,1,19900,Census Tract 199,Queens County,[360810199001020],[1020]
2020,01/13/2020,11 AM,1129.0,1,112900,Census Tract 1129,Queens County,[360811129003008],[3008]
2020,01/13/2020,12 PM,85.0,1,8500,Census Tract 85,Queens County,[360810085001008],[1008]
2020,01/13/2020,01 PM,1247.0,1,124700,Census Tract 1247,Queens County,[360811247003005],[3005]
2020,01/13/2020,02 PM,79.0,1,7900,Census Tract 79,Queens County,[360810079001003],[1003]
2020,01/13/2020,03 PM,79.0,1,7900,Census Tract 79,Queens County,[360810079001003],[1003]
2020,01/13/2020,04 PM,1333.0,1,133300,Census Tract 1333,Queens County,[360811333001000],[1000]
2020,01/13/2020,06 PM,1265.0,2,126500,Census Tract 1265,Queens County,"[360811265001001, 360811265001000]","[1001, 1000]"
2020,01/13/2020,08 AM,101.0,1,10100,Census Tract 101,Westchester County,[361190101002010],[2010]
2020,01/13/2020,08 AM,14.02,1,1402,Census Tract 14.02,Westchester County,[361190014021017],[1017]
2020,01/13/2020,09 AM,132.02,1,13202,Census Tract 132.02,Westchester County,[361190132021010],[1010]
2020,01/13/2020,10 AM,101.0,1,10100,Census Tract 101,Westchester County,[361190101002010],[2010]
2020,01/13/2020,10 AM,82.0,1,8200,Census Tract 82,Westchester County,[361190082002005],[2005]
2020,01/13/2020,10 AM,23.0,1,2300,Census Tract 23,Westchester County,[361190023001005],[1005]
2020,01/13/2020,11 AM,123.03,1,12303,Census Tract 123.03,Westchester County,[361190123033012],[3012]
2020,01/13/2020,11 AM,14.01,1,1401,Census Tract 14.01,Westchester County,[361190014013011],[3011]
2020,01/13/2020,12 PM,113.0,1,11300,Census Tract 113,Westchester County,[361190113005001],[5001]
2020,01/13/2020,01 PM,97.01,1,9701,Census Tract 97.01,Westchester County,[361190097013000],[3000]
2020,01/13/2020,01 PM,109.03,1,10903,Census Tract 109.03,Westchester County,[361190109031000],[1000]
2020,01/13/2020,01 PM,47.0,1,4700,Census Tract 47,Westchester County,[361190047002046],[2046]
2020,01/13/2020,02 PM,114.0,1,11400,Census Tract 114,Westchester County,[361190114001017],[1017]
2020,01/13/2020,02 PM,83.01,1,8301,Census Tract 83.01,Westchester County,[361190083012003],[2003]
2020,01/13/2020,02 PM,77.0,1,7700,Census Tract 77,Westchester County,[361190077001017],[1017]
2020,01/13/2020,02 PM,11.01,1,1101,Census Tract 11.01,Westchester County,[361190011011003],[1003]
2020,01/13/2020,03 PM,101.0,1,10100,Census Tract 101,Westchester County,[361190101002009],[2009]
2020,01/13/2020,05 PM,52.0,1,5200,Census Tract 52,Westchester County,[361190052001010],[1010]
2020,01/13/2020,01 PM,256.0,1,25600,Census Tract 256,Bronx County,[360050256002001],[2001]
2020,01/13/2020,06 PM,149.0,1,14900,Census Tract 149,Bronx County,[360050149002001],[2001]
2020,01/13/2020,09 AM,68.0,1,6800,Census Tract 68,New York County,[360610068006000],[6000]
2020,01/13/2020,09 AM,26.02,1,2602,Census Tract 26.02,New York County,[360610026021002],[1002]
2020,01/14/2020,01 PM,80.0,1,8000,Census Tract 80,Westchester County,[361190080001002],[1002]
2020,01/14/2020,10 AM,14.02,1,1402,Census Tract 14.02,New York County,[360610014022006],[2006]
2020,01/14/2020,11 AM,161.0,1,16100,Census Tract 161,New York County,[360610161002000],[2000]
2020,01/14/2020,11 AM,73.0,1,7300,Census Tract 73,New York County,[360610073006000],[6000]
2020,01/14/2020,01 PM,109.0,1,10900,Census Tract 109,New York County,[360610109001007],[1007]
2020,01/14/2020,05 PM,67.0,1,6700,Census Tract 67,New York County,[360610067004004],[4004]
2020,01/14/2020,08 PM,197.01,1,19701,Census Tract 197.01,New York County,[360610197011000],[1000]
2020,01/14/2020,08 PM,193.0,1,19300,Census Tract 193,New York County,[360610193004000],[4000]
2020,01/14/2020,09 AM,85.0,1,8500,Census Tract 85,Queens County,[360810085001008],[1008]
2020,01/14/2020,11 AM,39.0,1,3900,Census Tract 39,Queens County,[360810039001000],[1000]
2020,01/14/2020,12 PM,779.02,1,77902,Census Tract 779.02,Queens County,[360810779021003],[1003]
2020,01/14/2020,01 PM,45.0,1,4500,Census Tract 45,Queens County,[360810045001001],[1001]
2020,01/14/2020,04 PM,1223.0,1,122300,Census Tract 1223,Queens County,[360811223002003],[2003]
2020,01/14/2020,08 AM,21.04,1,2104,Census Tract 21.04,Westchester County,[361190021041003],[1003]
2020,01/14/2020,08 AM,100.0,1,10000,Census Tract 100,Westchester County,[361190100004017],[4017]
2020,01/14/2020,10 AM,67.0,1,6700,Census Tract 67,Westchester County,[361190067002023],[2023]
2020,01/14/2020,10 AM,80.0,1,8000,Census Tract 80,Westchester County,[361190080003006],[3006]
2020,01/14/2020,10 AM,24.02,1,2402,Census Tract 24.02,Westchester County,[361190024021000],[1000]
2020,01/14/2020,11 AM,107.02,1,10702,Census Tract 107.02,Westchester County,[361190107022020],[2020]
2020,01/14/2020,11 AM,109.02,1,10902,Census Tract 109.02,Westchester County,[361190109023008],[3008]
2020,01/14/2020,12 PM,100.0,1,10000,Census Tract 100,Westchester County,[361190100003003],[3003]
2020,01/14/2020,12 PM,145.0,1,14500,Census Tract 145,Westchester County,[361190145002002],[2002]
2020,01/14/2020,12 PM,119.02,1,11902,Census Tract 119.02,Westchester County,[361190119023004],[3004]
2020,01/14/2020,01 PM,67.0,1,6700,Census Tract 67,Westchester County,[361190067002015],[2015]
2020,01/14/2020,02 PM,51.0,1,5100,Census Tract 51,Westchester County,[361190051003013],[3013]
2020,01/14/2020,04 PM,54.0,1,5400,Census Tract 54,Westchester County,[361190054002029],[2029]
2020,01/14/2020,09 AM,217.0,1,21700,Census Tract 217,Bronx County,[360050217004000],[4000]
2020,01/14/2020,10 AM,456.0,1,45600,Census Tract 456,Bronx County,[360050456002003],[2003]
2020,01/14/2020,10 AM,93.0,1,9300,Census Tract 93,Bronx County,[360050093006005],[6005]
2020,01/14/2020,10 AM,248.0,1,24800,Census Tract 248,Bronx County,[360050248002002],[2002]
2020,01/15/2020,12 PM,97.02,1,9702,Census Tract 97.02,Westchester County,[361190097022023],[2023]
2020,01/15/2020,07 AM,102.0,1,10200,Census Tract 102,New York County,[360610102001011],[1011]
2020,01/15/2020,09 AM,157.0,1,15700,Census Tract 157,New York County,[360610157008000],[8000]
2020,01/15/2020,11 AM,32.0,1,3200,Census Tract 32,New York County,[360610032004000],[4000]
2020,01/15/2020,09 PM,70.0,1,7000,Census Tract 70,New York County,[360610070003000],[3000]
2020,01/15/2020,08 AM,803.02,1,80302,Census Tract 803.02,Queens County,[360810803021010],[1010]
2020,01/15/2020,09 AM,997.01,1,99701,Census Tract 997.01,Queens County,[360810997011010],[1010]
2020,01/15/2020,10 AM,143.0,1,14300,Census Tract 143,Queens County,[360810143001000],[1000]
2020,01/15/2020,10 AM,1483.0,1,148300,Census Tract 1483,Queens County,[360811483004015],[4015]
2020,01/15/2020,11 AM,123.01,1,12301,Census Tract 123.01,Queens County,[360810123012008],[2008]
2020,01/15/2020,01 PM,113.0,1,11300,Census Tract 113,Queens County,[360810113002001],[2001]
2020,01/15/2020,05 PM,51.0,2,5100,Census Tract 51,Queens County,"[360810051002004, 361190051004003]","[2004, 4003]"
2020,01/15/2020,09 AM,139.0,1,13900,Census Tract 139,Westchester County,[361190139004035],[4035]
2020,01/15/2020,09 AM,15.03,1,1503,Census Tract 15.03,Westchester County,[361190015032002],[2002]
2020,01/15/2020,09 AM,98.0,1,9800,Census Tract 98,Westchester County,[361190098004010],[4010]
2020,01/15/2020,10 AM,148.11,1,14811,Census Tract 148.11,Westchester County,[361190148112005],[2005]
2020,01/15/2020,12 PM,83.01,1,8301,Census Tract 83.01,Westchester County,[361190083011012],[1012]
2020,01/15/2020,01 PM,139.0,1,13900,Census Tract 139,Westchester County,[361190139003001],[3001]
2020,01/15/2020,01 PM,68.02,1,6802,Census Tract 68.02,Westchester County,[361190068022015],[2015]
2020,01/15/2020,01 PM,72.0,1,7200,Census Tract 72,Westchester County,[361190072001006],[1006]
2020,01/15/2020,02 PM,83.02,1,8302,Census Tract 83.02,Westchester County,[361190083024005],[4005]
2020,01/15/2020,02 PM,107.02,1,10702,Census Tract 107.02,Westchester County,[361190107022028],[2028]
2020,01/15/2020,02 PM,99.0,1,9900,Census Tract 99,Westchester County,[361190099002001],[2001]
2020,01/15/2020,03 PM,59.02,1,5902,Census Tract 59.02,Westchester County,[361190059023002],[3002]
2020,01/15/2020,04 PM,114.0,1,11400,Census Tract 114,Westchester County,[361190114004009],[4009]
2020,01/15/2020,04 PM,76.0,1,7600,Census Tract 76,Westchester County,[361190076002021],[2021]
2020,01/15/2020,04 PM,99.0,1,9900,Census Tract 99,Westchester County,[361190099002001],[2001]
2020,01/15/2020,04 PM,106.0,1,10600,Census Tract 106,Westchester County,[361190106001020],[1020]
2020,01/15/2020,06 PM,106.0,1,10600,Census Tract 106,Westchester County,[361190106003036],[3036]
2020,01/15/2020,09 PM,105.0,1,10500,Census Tract 105,Westchester County,[361190105005014],[5014]
2020,01/15/2020,10 PM,68.01,1,6801,Census Tract 68.01,Westchester County,[361190068013024],[3024]
2020,01/15/2020,01 PM,240.0,1,24000,Census Tract 240,Bronx County,[360050240002000],[2000]
2020,01/15/2020,02 PM,236.0,1,23600,Census Tract 236,Bronx County,[360050236001001],[1001]
2020,01/16/2020,08 AM,32.0,1,3200,Census Tract 32,New York County,[360610032007002],[7002]
2020,01/16/2020,07 AM,51.0,1,5100,Census Tract 51,Queens County,[360810051002004],[2004]
2020,01/16/2020,07 AM,1291.03,1,129103,Census Tract 1291.03,Queens County,[360811291033009],[3009]
2020,01/16/2020,01 PM,1617.0,1,161700,Census Tract 1617,Queens County,[360811617003002],[3002]
2020,01/16/2020,01 PM,1333.0,1,133300,Census Tract 1333,Queens County,[360811333003002],[3002]
2020,01/16/2020,09 AM,50.02,1,5002,Census Tract 50.02,Westchester County,[361190050022000],[2000]
2020,01/16/2020,09 AM,139.0,1,13900,Census Tract 139,Westchester County,[361190139002000],[2000]
2020,01/16/2020,11 AM,21.04,1,2104,Census Tract 21.04,Westchester County,[361190021041003],[1003]
2020,01/16/2020,12 PM,99.0,1,9900,Census Tract 99,Westchester County,[361190099003004],[3004]
2020,01/16/2020,02 PM,139.0,1,13900,Census Tract 139,Westchester County,[361190139003000],[3000]
2020,01/16/2020,06 PM,84.03,1,8403,Census Tract 84.03,Westchester County,[361190084032015],[2015]
2020,01/16/2020,04 PM,67.0,1,6700,Census Tract 67,Bronx County,[360050067006000],[6000]
2020,01/17/2020,01 AM,155.0,1,15500,Census Tract 155,Bronx County,[360050155001000],[1000]
2020,01/17/2020,04 PM,92.0,1,9200,Census Tract 92,New York County,[360610092001005],[1005]
2020,01/17/2020,05 AM,260.0,1,26000,Census Tract 260,Queens County,[360810260002002],[2002]
2020,01/17/2020,09 AM,1617.0,1,161700,Census Tract 1617,Queens County,[360811617004009],[4009]
2020,01/17/2020,11 AM,123.01,2,12301,Census Tract 123.01,Queens County,"[360810123012004, 360810123012008]","[2004, 2008]"
2020,01/17/2020,04 PM,1551.02,1,155102,Census Tract 1551.02,Queens County,[360811551026000],[6000]
2020,01/17/2020,06 PM,779.04,1,77904,Census Tract 779.04,Queens County,[360810779041003],[1003]
2020,01/17/2020,11 AM,110.0,1,11000,Census Tract 110,Westchester County,[361190110001025],[1025]
2020,01/17/2020,11 AM,73.0,1,7300,Census Tract 73,Westchester County,[361190073002022],[2022]
2020,01/17/2020,12 PM,68.01,1,6801,Census Tract 68.01,Westchester County,[361190068012001],[2001]
2020,01/17/2020,01 PM,85.0,1,8500,Census Tract 85,Westchester County,[361190085001008],[1008]
2020,01/17/2020,06 PM,114.0,1,11400,Census Tract 114,Westchester County,[361190114001001],[1001]
2020,01/18/2020,12 AM,49.0,1,4900,Census Tract 49,Westchester County,[361190049001004],[1004]
2020,01/17/2020,11 AM,71.0,1,7100,Census Tract 71,Bronx County,[360050071002006],[2006]
2020,01/18/2020,08 AM,166.0,1,16600,Census Tract 166,New York County,[360610166006000],[6000]
2020,01/18/2020,09 AM,76.0,1,7600,Census Tract 76,New York County,[360610076002001],[2001]
2020,01/18/2020,05 PM,171.0,1,17100,Census Tract 171,New York County,[360610171005000],[5000]
2020,01/18/2020,09 AM,1551.02,1,155102,Census Tract 1551.02,Queens County,[360811551023017],[3017]
2020,01/18/2020,10 AM,1579.01,1,157901,Census Tract 1579.01,Queens County,[360811579012001],[2001]
2020,01/18/2020,10 AM,74.0,1,7400,Census Tract 74,New York County,[360610074003001],[3001]
2020,01/18/2020,11 AM,1267.0,1,126700,Census Tract 1267,Queens County,[360811267001009],[1009]
2020,01/18/2020,11 AM,779.03,1,77903,Census Tract 779.03,Queens County,[360810779033003],[3003]
2020,01/18/2020,02 PM,1175.0,1,117500,Census Tract 1175,Queens County,[360811175004006],[4006]
2020,01/18/2020,08 AM,37.0,1,3700,Census Tract 37,Westchester County,[361190037003007],[3007]
2020,01/18/2020,02 PM,43.0,1,4300,Census Tract 43,Westchester County,[361190043002003],[2003]
2020,01/18/2020,10 PM,13.02,1,1302,Census Tract 13.02,Westchester County,[361190013023002],[3002]
2020,01/18/2020,10 AM,516.0,1,51600,Census Tract 516,Bronx County,[360050516002006],[2006]
2020,01/18/2020,11 AM,516.0,1,51600,Census Tract 516,Bronx County,[360050516003003],[3003]
2020,01/19/2020,04 AM,30.02,1,3002,Census Tract 30.02,New York County,[360610030022003],[2003]
2020,01/19/2020,06 PM,237.0,1,23700,Census Tract 237,New York County,[360610237003005],[3005]
2020,01/19/2020,07 PM,122.0,1,12200,Census Tract 122,New York County,[360610122001003],[1003]
2020,01/19/2020,09 AM,779.05,1,77905,Census Tract 779.05,Queens County,[360810779051010],[1010]
2020,01/19/2020,01 PM,130.0,1,13000,Census Tract 130,Westchester County,[361190130002027],[2027]
2020,01/20/2020,04 PM,1579.01,1,157901,Census Tract 1579.01,Queens County,[360811579015005],[5005]
2020,01/20/2020,05 PM,280.0,1,28000,Census Tract 280,Queens County,[360810280001005],[1005]
2020,01/20/2020,05 PM,779.06,1,77906,Census Tract 779.06,Queens County,[360810779062004],[2004]
2020,01/20/2020,05 PM,997.05,1,99705,Census Tract 997.05,Queens County,[360810997051010],[1010]
2020,01/20/2020,10 AM,17.0,1,1700,Census Tract 17,Westchester County,[361190017002015],[2015]
2020,01/20/2020,09 AM,516.0,1,51600,Census Tract 516,Bronx County,[360050516003007],[3007]
2020,01/20/2020,12 PM,516.0,1,51600,Census Tract 516,Bronx County,[360050516004001],[4001]
2020,01/20/2020,09 AM,92.0,1,9200,Census Tract 92,New York County,[360610092001015],[1015]
2020,01/20/2020,11 AM,153.0,1,15300,Census Tract 153,New York County,[360610153006000],[6000]
2020,01/20/2020,12 PM,779.02,1,77902,Census Tract 779.02,Queens County,[360810779025000],[5000]
2020,01/21/2020,09 AM,212.0,1,21200,Census Tract 212,New York County,[360610212002001],[2001]
2020,01/21/2020,10 AM,117.0,1,11700,Census Tract 117,New York County,[360610117001016],[1016]
2020,01/21/2020,12 PM,208.0,1,20800,Census Tract 208,New York County,[360610208001001],[1001]
2020,01/21/2020,01 PM,112.03,1,11203,Census Tract 112.03,New York County,[360610112032002],[2002]
2020,01/21/2020,03 PM,129.0,1,12900,Census Tract 129,New York County,[360610129001002],[1002]
2020,01/21/2020,10 AM,779.02,1,77902,Census Tract 779.02,Queens County,[360810779023003],[3003]
2020,01/21/2020,11 AM,460.0,1,46000,Census Tract 460,Queens County,[360810460002000],[2000]
2020,01/21/2020,12 PM,779.02,1,77902,Census Tract 779.02,Queens County,[360810779022002],[2002]
2020,01/21/2020,01 PM,779.03,1,77903,Census Tract 779.03,Queens County,[360810779033003],[3003]
2020,01/21/2020,02 PM,1181.0,1,118100,Census Tract 1181,Queens County,[360811181002003],[2003]
2020,01/21/2020,02 PM,1579.01,1,157901,Census Tract 1579.01,Queens County,[360811579015005],[5005]
2020,01/21/2020,03 PM,803.02,1,80302,Census Tract 803.02,Queens County,[360810803022003],[2003]
2020,01/21/2020,10 AM,98.0,1,9800,Census Tract 98,Westchester County,[361190098002024],[2024]
2020,01/21/2020,10 AM,54.0,1,5400,Census Tract 54,Westchester County,[361190054002002],[2002]
2020,01/21/2020,11 AM,140.0,1,14000,Census Tract 140,Westchester County,[361190140001019],[1019]
2020,01/21/2020,11 AM,120.0,1,12000,Census Tract 120,Westchester County,[361190120002022],[2022]
2020,01/21/2020,12 PM,50.01,1,5001,Census Tract 50.01,Westchester County,[361190050012011],[2011]
2020,01/21/2020,01 PM,98.0,1,9800,Census Tract 98,Westchester County,[361190098002000],[2000]
2020,01/21/2020,01 PM,113.0,1,11300,Census Tract 113,Westchester County,[361190113004003],[4003]
2020,01/21/2020,01 PM,140.0,1,14000,Census Tract 140,Westchester County,[361190140002002],[2002]
2020,01/21/2020,03 PM,72.0,1,7200,Census Tract 72,Westchester County,[361190072004006],[4006]
2020,01/21/2020,03 PM,50.01,1,5001,Census Tract 50.01,Westchester County,[361190050012026],[2026]
2020,01/21/2020,05 PM,112.0,1,11200,Census Tract 112,Westchester County,[361190112002040],[2040]
2020,01/21/2020,06 PM,98.0,1,9800,Census Tract 98,Westchester County,[361190098002000],[2000]
2020,01/21/2020,09 PM,54.0,1,5400,Census Tract 54,Westchester County,[361190054002025],[2025]
2020,01/21/2020,10 PM,101.0,1,10100,Census Tract 101,Westchester County,[361190101003027],[3027]
2020,01/21/2020,09 AM,324.0,1,32400,Census Tract 324,Bronx County,[360050324001002],[1002]
2020,01/21/2020,10 AM,516.0,1,51600,Census Tract 516,Bronx County,[360050516004005],[4005]
2020,01/21/2020,01 PM,195.0,1,19500,Census Tract 195,Bronx County,[360050195002004],[2004]
2020,01/21/2020,01 PM,516.0,1,51600,Census Tract 516,Bronx County,[360050516001004],[1004]
2020,01/21/2020,03 PM,516.0,1,51600,Census Tract 516,Bronx County,[360050516001004],[1004]
2020,01/21/2020,07 PM,129.01,1,12901,Census Tract 129.01,Bronx County,[360050129011005],[1005]
2020,01/22/2020,09 AM,114.01,1,11401,Census Tract 114.01,New York County,[360610114011003],[1003]
2020,01/22/2020,09 AM,166.0,1,16600,Census Tract 166,New York County,[360610166006000],[6000]
2020,01/22/2020,11 AM,55.02,1,5502,Census Tract 55.02,New York County,[360610055022006],[2006]
2020,01/22/2020,12 PM,130.0,1,13000,Census Tract 130,New York County,[360610130001000],[1000]
2020,01/22/2020,01 PM,18.0,1,1800,Census Tract 18,New York County,[360610018001001],[1001]
2020,01/22/2020,05 PM,237.0,1,23700,Census Tract 237,New York County,[360610237003005],[3005]
2020,01/22/2020,06 AM,1467.0,1,146700,Census Tract 1467,Queens County,[360811467003000],[3000]
2020,01/22/2020,08 AM,1529.01,1,152901,Census Tract 1529.01,Queens County,[360811529011004],[1004]
2020,01/22/2020,09 AM,1579.01,1,157901,Census Tract 1579.01,Queens County,[360811579014005],[4005]
2020,01/22/2020,09 AM,83.0,1,8300,Census Tract 83,Queens County,[360810083001001],[1001]
2020,01/22/2020,10 AM,803.02,1,80302,Census Tract 803.02,Queens County,[360810803022002],[2002]
2020,01/22/2020,11 AM,803.02,1,80302,Census Tract 803.02,Queens County,[360810803022001],[2001]
2020,01/22/2020,12 PM,1193.0,1,119300,Census Tract 1193,Queens County,[360811193001006],[1006]
2020,01/22/2020,02 PM,803.01,1,80301,Census Tract 803.01,Queens County,[360810803011003],[1003]
2020,01/22/2020,10 PM,1247.0,1,124700,Census Tract 1247,Queens County,[360811247002003],[2003]
2020,01/22/2020,05 AM,112.0,1,11200,Census Tract 112,Westchester County,[361190112003025],[3025]
2020,01/22/2020,09 AM,144.0,1,14400,Census Tract 144,Westchester County,[361190144003016],[3016]
2020,01/22/2020,09 AM,99.0,1,9900,Census Tract 99,Westchester County,[361190099003003],[3003]
2020,01/22/2020,09 AM,75.0,1,7500,Census Tract 75,Westchester County,[361190075002005],[2005]
2020,01/22/2020,09 AM,83.02,1,8302,Census Tract 83.02,Westchester County,[361190083022002],[2002]
2020,01/22/2020,10 AM,69.0,1,6900,Census Tract 69,Westchester County,[361190069004005],[4005]
2020,01/22/2020,10 AM,114.0,1,11400,Census Tract 114,Westchester County,[361190114001041],[1041]
2020,01/22/2020,10 AM,83.02,1,8302,Census Tract 83.02,Westchester County,[361190083022002],[2002]
2020,01/22/2020,10 AM,104.0,1,10400,Census Tract 104,Westchester County,[361190104001007],[1007]
2020,01/22/2020,10 AM,85.0,1,8500,Census Tract 85,Westchester County,[361190085001015],[1015]
2020,01/22/2020,11 AM,139.0,1,13900,Census Tract 139,Westchester County,[361190139001005],[1005]
2020,01/22/2020,12 PM,104.0,1,10400,Census Tract 104,Westchester County,[361190104001005],[1005]
2020,01/22/2020,12 PM,83.02,1,8302,Census Tract 83.02,Westchester County,[361190083024033],[4033]
2020,01/22/2020,01 PM,138.0,1,13800,Census Tract 138,Westchester County,[361190138002035],[2035]
2020,01/22/2020,01 PM,111.02,1,11102,Census Tract 111.02,Westchester County,[361190111022002],[2002]
2020,01/22/2020,02 PM,83.02,1,8302,Census Tract 83.02,Westchester County,[361190083023026],[3026]
2020,01/22/2020,03 PM,114.0,1,11400,Census Tract 114,Westchester County,[361190114004018],[4018]
2020,01/22/2020,05 PM,74.02,1,7402,Census Tract 74.02,Westchester County,[361190074022000],[2000]
2020,01/22/2020,10 PM,95.0,1,9500,Census Tract 95,Westchester County,[361190095003009],[3009]
2020,01/22/2020,11 AM,215.01,1,21501,Census Tract 215.01,Bronx County,[360050215013000],[3000]
2020,01/22/2020,12 PM,364.0,1,36400,Census Tract 364,Bronx County,[360050364002001],[2001]
2020,01/23/2020,08 AM,94.0,1,9400,Census Tract 94,New York County,[360610094001005],[1005]
2020,01/23/2020,10 AM,201.02,1,20102,Census Tract 201.02,New York County,[360610201021000],[1000]
2020,01/23/2020,03 PM,193.0,1,19300,Census Tract 193,New York County,[360610193002000],[2000]
2020,01/23/2020,05 PM,174.02,1,17402,Census Tract 174.02,New York County,[360610174021000],[1000]
2020,01/23/2020,09 PM,15.01,1,1501,Census Tract 15.01,New York County,[360610015012003],[2003]
2020,01/23/2020,11 PM,111.0,1,11100,Census Tract 111,New York County,[360610111002005],[2005]
2020,01/23/2020,06 AM,1409.01,1,140901,Census Tract 1409.01,Queens County,[360811409011001],[1001]
2020,01/23/2020,09 AM,1163.0,1,116300,Census Tract 1163,Queens County,[360811163005000],[5000]
2020,01/23/2020,10 AM,1551.02,1,155102,Census Tract 1551.02,Queens County,[360811551024005],[4005]
2020,01/23/2020,10 AM,77.0,1,7700,Census Tract 77,Queens County,[360810077001000],[1000]
2020,01/23/2020,10 AM,869.0,1,86900,Census Tract 869,Queens County,[360810869001009],[1009]
2020,01/23/2020,12 PM,871.0,1,87100,Census Tract 871,Queens County,[360810871001001],[1001]
2020,01/23/2020,03 PM,871.0,1,87100,Census Tract 871,Queens County,[360810871002007],[2007]
2020,01/23/2020,03 PM,1333.0,1,133300,Census Tract 1333,Queens County,[360811333002005],[2005]
2020,01/23/2020,04 PM,1367.0,1,136700,Census Tract 1367,Queens County,[360811367002000],[2000]
2020,01/08/2020,10 AM,51.0,1,5100,Census Tract 51,Westchester County,[361190051003002],[3002]
2020,01/23/2020,09 AM,95.0,1,9500,Census Tract 95,Westchester County,[361190095003009],[3009]
2020,01/23/2020,09 AM,122.0,1,12200,Census Tract 122,Westchester County,[361190122005032],[5032]
2020,01/23/2020,09 AM,106.0,1,10600,Census Tract 106,Westchester County,[361190106001015],[1015]
2020,01/23/2020,09 AM,76.0,1,7600,Census Tract 76,Westchester County,[361190076005008],[5008]
2020,01/23/2020,10 AM,113.0,1,11300,Census Tract 113,Westchester County,[361190113001001],[1001]
2020,01/23/2020,10 AM,136.0,1,13600,Census Tract 136,Westchester County,[361190136002008],[2008]
2020,01/23/2020,11 AM,108.01,1,10801,Census Tract 108.01,Westchester County,[361190108012002],[2002]
2020,01/23/2020,12 PM,111.01,1,11101,Census Tract 111.01,Westchester County,[361190111011007],[1007]
2020,01/23/2020,01 PM,136.0,1,13600,Census Tract 136,Westchester County,[361190136002008],[2008]
2020,01/23/2020,02 PM,84.03,1,8403,Census Tract 84.03,Westchester County,[361190084031023],[1023]
2020,01/23/2020,03 PM,143.0,1,14300,Census Tract 143,Westchester County,[361190143002003],[2003]
2020,01/23/2020,03 PM,99.0,1,9900,Census Tract 99,Westchester County,[361190099001008],[1008]
2020,01/23/2020,04 PM,112.0,1,11200,Census Tract 112,Westchester County,[361190112004035],[4035]
2020,01/23/2020,04 PM,97.03,1,9703,Census Tract 97.03,Westchester County,[361190097034000],[4000]
2020,01/23/2020,06 PM,50.02,1,5002,Census Tract 50.02,Westchester County,[361190050022030],[2030]
2020,01/23/2020,06 PM,68.01,1,6801,Census Tract 68.01,Westchester County,[361190068013024],[3024]
2020,01/23/2020,08 PM,48.0,1,4800,Census Tract 48,Westchester County,[361190048003006],[3006]
2020,01/23/2020,09 AM,213.02,1,21302,Census Tract 213.02,Bronx County,[360050213022002],[2002]
2020,01/23/2020,09 AM,456.0,1,45600,Census Tract 456,Bronx County,[360050456001004],[1004]
2020,01/23/2020,08 PM,213.02,1,21302,Census Tract 213.02,Bronx County,[360050213022002],[2002]
2020,01/24/2020,08 AM,27.0,1,2700,Census Tract 27,New York County,[360610027001008],[1008]
2020,01/24/2020,10 AM,74.0,1,7400,Census Tract 74,New York County,[360610074003001],[3001]
2020,01/24/2020,01 PM,171.0,1,17100,Census Tract 171,New York County,[360610171003001],[3001]
2020,01/24/2020,03 PM,94.0,1,9400,Census Tract 94,New York County,[360610094001002],[1002]
2020,01/24/2020,04 PM,6.0,1,600,Census Tract 6,New York County,[360610006001000],[1000]
2020,01/24/2020,07 PM,52.0,1,5200,Census Tract 52,New York County,[360610052001001],[1001]
2020,01/24/2020,10 AM,803.01,1,80301,Census Tract 803.01,Queens County,[360810803012003],[2003]
2020,01/24/2020,10 AM,809.0,1,80900,Census Tract 809,Queens County,[360810809006000],[6000]
2020,01/24/2020,11 AM,797.02,1,79702,Census Tract 797.02,Queens County,[360810797021002],[1002]
2020,01/24/2020,02 PM,1571.01,1,157101,Census Tract 1571.01,Queens County,[360811571014005],[4005]
2020,01/24/2020,04 PM,1347.0,1,134700,Census Tract 1347,Queens County,[360811347002001],[2001]
2020,01/24/2020,07 PM,1267.0,1,126700,Census Tract 1267,Queens County,[360811267003003],[3003]
2020,01/24/2020,11 PM,1551.02,1,155102,Census Tract 1551.02,Queens County,[360811551024005],[4005]
2020,01/24/2020,08 AM,107.01,1,10701,Census Tract 107.01,Westchester County,[361190107012018],[2018]
2020,01/24/2020,08 AM,144.0,1,14400,Census Tract 144,Westchester County,[361190144002000],[2000]
2020,01/24/2020,08 AM,1571.02,1,157102,Census Tract 1571.02,Queens County,[360811571021002],[1002]
2020,01/24/2020,08 AM,106.0,1,10600,Census Tract 106,Westchester County,[361190106003008],[3008]
2020,01/24/2020,08 AM,107.02,1,10702,Census Tract 107.02,Westchester County,[361190107022017],[2017]
2020,01/24/2020,09 AM,67.0,1,6700,Census Tract 67,Westchester County,[361190067001012],[1012]
2020,01/24/2020,10 AM,148.1,1,14810,Census Tract 148.10,Westchester County,[361190148102000],[2000]
2020,01/24/2020,10 AM,75.0,1,7500,Census Tract 75,Westchester County,[361190075003012],[3012]
2020,01/24/2020,11 AM,17.0,1,1700,Census Tract 17,Westchester County,[361190017006007],[6007]
2020,01/24/2020,11 AM,97.01,1,9701,Census Tract 97.01,Westchester County,[361190097012003],[2003]
2020,01/24/2020,11 AM,21.05,1,2105,Census Tract 21.05,Westchester County,[361190021052019],[2019]
2020,01/24/2020,12 PM,130.0,1,13000,Census Tract 130,Westchester County,[361190130002001],[2001]
2020,01/24/2020,01 PM,96.0,1,9600,Census Tract 96,Westchester County,[361190096004011],[4011]
2020,01/24/2020,01 PM,111.01,1,11101,Census Tract 111.01,Westchester County,[361190111014019],[4019]
2020,01/24/2020,03 PM,52.0,1,5200,Census Tract 52,Westchester County,[361190052004001],[4001]
2020,01/24/2020,04 PM,106.0,1,10600,Census Tract 106,Westchester County,[361190106003008],[3008]
2020,01/24/2020,04 PM,50.02,1,5002,Census Tract 50.02,Westchester County,[361190050022011],[2011]
2020,01/24/2020,04 PM,97.01,1,9701,Census Tract 97.01,Westchester County,[361190097013018],[3018]
2020,01/24/2020,06 PM,132.01,1,13201,Census Tract 132.01,Westchester County,[361190132011007],[1007]
2020,01/24/2020,07 PM,99.0,1,9900,Census Tract 99,Westchester County,[361190099002001],[2001]
2020,01/24/2020,08 AM,335.0,1,33500,Census Tract 335,Bronx County,[360050335001004],[1004]
2020,01/24/2020,11 AM,229.01,1,22901,Census Tract 229.01,Bronx County,[360050229015000],[5000]
2020,01/24/2020,03 PM,809.0,1,80900,Census Tract 809,Queens County,[360810809006000],[6000]
2020,01/24/2020,11 AM,139.0,1,13900,Census Tract 139,Westchester County,[361190139001001],[1001]
